{
	"credit": "Made with Blockbench",
	"texture_size": [64, 64],
	"textures": {
		"0": "custom/trashbin",
		"particle": "custom/trashbin"
	},
	"elements": [
		{
			"from": [2, 0, 2],
			"to": [14, 15, 14],
			"faces": {
				"north": {"uv": [0, 0, 3, 3.75], "texture": "#0"},
				"east": {"uv": [3, 0, 6, 3.75], "texture": "#0"},
				"south": {"uv": [0, 3.75, 3, 7.5], "texture": "#0"},
				"west": {"uv": [3, 3.75, 6, 7.5], "texture": "#0"},
				"up": {"uv": [9, 9.5, 6, 6.5], "texture": "#0"},
				"down": {"uv": [3, 7.5, 0, 10.5], "texture": "#0"}
			}
		},
		{
			"from": [1.5, 13.5, 1.5],
			"to": [14.5, 17.5, 14.5],
			"faces": {
				"north": {"uv": [9, 6.5, 12.25, 7.5], "texture": "#0"},
				"east": {"uv": [9, 7.5, 12.25, 8.5], "texture": "#0"},
				"south": {"uv": [9, 8.5, 12.25, 9.5], "texture": "#0"},
				"west": {"uv": [9.25, 0, 12.5, 1], "texture": "#0"},
				"up": {"uv": [9.25, 3.25, 6, 0], "texture": "#0"},
				"down": {"uv": [9.25, 3.25, 6, 6.5], "texture": "#0"}
			}
		},
		{
			"from": [4, 17.5, 8],
			"to": [12, 21.5, 8],
			"faces": {
				"north": {"uv": [3, 7.5, 5, 8.5], "texture": "#0"},
				"east": {"uv": [0, 0, 0, 1], "texture": "#0"},
				"south": {"uv": [3, 8.5, 5, 9.5], "texture": "#0"},
				"west": {"uv": [0, 0, 0, 1], "texture": "#0"},
				"up": {"uv": [2, 0, 0, 0], "texture": "#0"},
				"down": {"uv": [2, 0, 0, 0], "texture": "#0"}
			}
		}
	],
	"display": {
		"firstperson_righthand": {
			"scale": [0.73, 0.73, 0.71]
		},
		"firstperson_lefthand": {
			"scale": [0.73, 0.73, 0.71]
		},
		"gui": {
			"rotation": [42.75, 23.75, 0],
			"translation": [0.5, 0, 0],
			"scale": [0.8, 0.81, 0.85]
		},
		"head": {
			"scale": [1.3, 1.3, 1.3]
		},
		"fixed": {
			"rotation": [-90, 10.75, 0],
			"translation": [0, 0, -16],
			"scale": [1.9, 1.9, 1.9]
		}
	},
	"groups": [
		0,
		{
			"name": "group",
			"origin": [0, 0, 0],
			"color": 0,
			"nbt": "{}",
			"armAnimationEnabled": false,
			"children": [1, 2]
		}
	]
}