{
	"credit": "Made with Blockbench",
	"texture_size": [64, 64],
	"textures": {
		"0": "block/blue_carpet",
		"particle": "block/blue_carpet"
	},
	"elements": [
		{
			"from": [0, 0, 0],
			"to": [16, 1, 16],
			"faces": {
				"north": {"uv": [5.5, 8, 9.5, 8.25], "texture": "#0"},
				"east": {"uv": [5.5, 8.25, 9.5, 8.5], "texture": "#0"},
				"south": {"uv": [5.5, 8.5, 9.5, 8.75], "texture": "#0"},
				"west": {"uv": [5.5, 8.75, 9.5, 9], "texture": "#0"},
				"up": {"uv": [9.5, 4, 5.5, 0], "texture": "#0"},
				"down": {"uv": [9.5, 4, 5.5, 8], "texture": "#0"}
			}
		},
		{
			"from": [-3, 0.5, -3],
			"to": [19, 0.5, 19],
			"faces": {
				"north": {"uv": [0, 0, 5.5, 0], "texture": "#0"},
				"east": {"uv": [0, 0, 5.5, 0], "texture": "#0"},
				"south": {"uv": [0, 0, 5.5, 0], "texture": "#0"},
				"west": {"uv": [0, 0, 5.5, 0], "texture": "#0"},
				"up": {"uv": [5.5, 5.5, 0, 0], "texture": "#0"},
				"down": {"uv": [5.5, 5.5, 0, 11], "texture": "#0"}
			}
		}
	],
	"groups": [
		{
			"name": "group",
			"origin": [0, 0, 0],
			"color": 0,
			"nbt": "{}",
			"armAnimationEnabled": false,
			"children": [0, 1]
		}
	]
}