{
	"credit": "Made with Blockbench",
	"texture_size": [64, 64],
	"textures": {
		"0": "custom/heater",
		"particle": "custom/heater"
	},
	"elements": [
		{
			"from": [8, 0, 0],
			"to": [16, 12, 16],
			"faces": {
				"north": {"uv": [0, 6, 2, 9], "texture": "#0"},
				"east": {"uv": [0, 0, 4, 3], "texture": "#0"},
				"south": {"uv": [6, 0, 8, 3], "texture": "#0"},
				"west": {"uv": [0, 3, 4, 6], "texture": "#0"},
				"up": {"uv": [6, 4, 4, 0], "texture": "#0"},
				"down": {"uv": [6, 4, 4, 8], "texture": "#0"}
			}
		},
		{
			"from": [9, 1, 16],
			"to": [16, 11, 17],
			"rotation": {"angle": 0, "axis": "y", "origin": [12.5, 6, 16.5]},
			"faces": {
				"north": {"uv": [6, 3, 7.75, 5.5], "texture": "#0"},
				"east": {"uv": [7.75, 7.5, 8, 10], "texture": "#0"},
				"south": {"uv": [2, 6, 3.75, 8.5], "texture": "#0"},
				"west": {"uv": [3.75, 6, 4, 8.5], "texture": "#0"},
				"up": {"uv": [9.75, 2.75, 8, 2.5], "rotation": 180, "texture": "#0"},
				"down": {"uv": [9.75, 2.75, 8, 3], "rotation": 180, "texture": "#0"}
			}
		},
		{
			"from": [9, 1, -1],
			"to": [16, 11, 0],
			"faces": {
				"north": {"uv": [2, 6, 3.75, 8.5], "texture": "#0"},
				"east": {"uv": [3.75, 6, 4, 8.5], "texture": "#0"},
				"south": {"uv": [6, 3, 7.75, 5.5], "texture": "#0"},
				"west": {"uv": [7.75, 7.5, 8, 10], "texture": "#0"},
				"up": {"uv": [9.75, 2.75, 8, 2.5], "texture": "#0"},
				"down": {"uv": [9.75, 2.75, 8, 3], "texture": "#0"}
			}
		},
		{
			"from": [8, 8, 1],
			"to": [8, 10, 15],
			"rotation": {"angle": -22.5, "axis": "z", "origin": [8, 10, 8]},
			"faces": {
				"north": {"uv": [0, 0, 0, 0.5], "texture": "#0"},
				"east": {"uv": [7.75, 5.5, 11.75, 6], "texture": "#0"},
				"south": {"uv": [0, 0, 0, 0.5], "texture": "#0"},
				"west": {"uv": [8, 6, 11.5, 6.5], "texture": "#0"},
				"up": {"uv": [0, 4, 0, 0], "texture": "#0"},
				"down": {"uv": [0, 0, 0, 4], "texture": "#0"}
			}
		},
		{
			"from": [8, 6, 1],
			"to": [8, 8, 15],
			"rotation": {"angle": -22.5, "axis": "z", "origin": [8, 8, 8]},
			"faces": {
				"north": {"uv": [0, 0, 0, 0.5], "texture": "#0"},
				"east": {"uv": [7.75, 5.5, 11.75, 6], "texture": "#0"},
				"south": {"uv": [0, 0, 0, 0.5], "texture": "#0"},
				"west": {"uv": [8, 6, 11.5, 6.5], "texture": "#0"},
				"up": {"uv": [0, 4, 0, 0], "texture": "#0"},
				"down": {"uv": [0, 0, 0, 4], "texture": "#0"}
			}
		},
		{
			"from": [8, 4, 1],
			"to": [8, 6, 15],
			"rotation": {"angle": -22.5, "axis": "z", "origin": [8, 6, 8]},
			"faces": {
				"north": {"uv": [0, 0, 0, 0.5], "texture": "#0"},
				"east": {"uv": [7.75, 5.5, 11.75, 6], "texture": "#0"},
				"south": {"uv": [0, 0, 0, 0.5], "texture": "#0"},
				"west": {"uv": [8, 6, 11.5, 6.5], "texture": "#0"},
				"up": {"uv": [0, 4, 0, 0], "texture": "#0"},
				"down": {"uv": [0, 0, 0, 4], "texture": "#0"}
			}
		},
		{
			"from": [8, 2, 1],
			"to": [8, 4, 15],
			"rotation": {"angle": -22.5, "axis": "z", "origin": [8, 4, 8]},
			"faces": {
				"north": {"uv": [0, 0, 0, 0.5], "texture": "#0"},
				"east": {"uv": [7.75, 5.5, 11.75, 6], "texture": "#0"},
				"south": {"uv": [0, 0, 0, 0.5], "texture": "#0"},
				"west": {"uv": [8, 6, 11.5, 6.5], "texture": "#0"},
				"up": {"uv": [0, 4, 0, 0], "texture": "#0"},
				"down": {"uv": [0, 0, 0, 4], "texture": "#0"}
			}
		}
	],
	"display": {
		"thirdperson_righthand": {
			"rotation": [-83.3, -86.11, -115.35],
			"translation": [-4.75, 6.5, -3.75]
		},
		"thirdperson_lefthand": {
			"rotation": [-83.3, -86.11, -115.35],
			"translation": [-4.75, 2.75, 3.25]
		},
		"firstperson_righthand": {
			"rotation": [0, 70.25, 0],
			"translation": [0, 1.75, 0]
		},
		"firstperson_lefthand": {
			"rotation": [-180, -52.5, 180],
			"translation": [0, 1.75, 0]
		},
		"gui": {
			"rotation": [19.75, 49.25, 0],
			"translation": [-2.5, 0.75, 0],
			"scale": [0.9, 0.9, 0.9]
		},
		"head": {
			"rotation": [0, -90, 0],
			"translation": [0, 4.5, -7.25],
			"scale": [1.82031, 1.5, 1.5]
		},
		"fixed": {
			"rotation": [0, -90, 0],
			"translation": [0, 0, -5.5]
		}
	},
	"groups": [
		0,
		1,
		2,
		{
			"name": "group",
			"origin": [5, 1, 8],
			"color": 0,
			"nbt": "{}",
			"armAnimationEnabled": false,
			"children": [3, 4, 5, 6]
		}
	]
}