{
	"credit": "Made with Blockbench",
	"textures": {
		"0": "custom/wine1",
		"particle": "custom/wine1"
	},
	"elements": [
		{
			"from": [7.5, 0, 6.5],
			"to": [10.5, 6, 9.5],
			"faces": {
				"north": {"uv": [0, 0, 3, 6], "texture": "#0"},
				"east": {"uv": [3, 0, 6, 6], "texture": "#0"},
				"south": {"uv": [0, 6, 3, 12], "texture": "#0"},
				"west": {"uv": [6, 0, 9, 6], "texture": "#0"},
				"up": {"uv": [6, 9, 3, 6], "texture": "#0"},
				"down": {"uv": [9, 6, 6, 9], "texture": "#0"}
			}
		},
		{
			"from": [8, 6, 7],
			"to": [10, 10, 9],
			"faces": {
				"north": {"uv": [9, 0, 11, 4], "texture": "#0"},
				"east": {"uv": [3, 9, 5, 13], "texture": "#0"},
				"south": {"uv": [9, 4, 11, 8], "texture": "#0"},
				"west": {"uv": [5, 9, 7, 13], "texture": "#0"},
				"up": {"uv": [11, 12, 9, 10], "texture": "#0"},
				"down": {"uv": [13, 0, 11, 2], "texture": "#0"}
			}
		},
		{
			"from": [7.8, 9.2, 6.8],
			"to": [10.2, 10.2, 9.2],
			"faces": {
				"north": {"uv": [11, 2, 13, 3], "texture": "#0"},
				"east": {"uv": [11, 3, 13, 4], "texture": "#0"},
				"south": {"uv": [11, 4, 13, 5], "texture": "#0"},
				"west": {"uv": [11, 5, 13, 6], "texture": "#0"},
				"up": {"uv": [9, 11, 7, 9], "texture": "#0"},
				"down": {"uv": [11, 8, 9, 10], "texture": "#0"}
			}
		}
	]
}