{
	"credit": "Made with Blockbench",
	"texture_size": [32, 32],
	"textures": {
		"0": "custom/wine3",
		"1": "custom/wine2",
		"2": "custom/wine1",
		"particle": "custom/wine3"
	},
	"elements": [
		{
			"from": [2.88671, -0.15, 2.6627],
			"to": [8.88671, 2.85, 5.6627],
			"rotation": {"angle": 0, "axis": "z", "origin": [7.23671, 6.35, 5.1627]},
			"faces": {
				"north": {"uv": [6, 0, 9, 6], "rotation": 270, "texture": "#0"},
				"east": {"uv": [6, 9, 3, 6], "rotation": 180, "texture": "#0"},
				"south": {"uv": [3, 0, 6, 6], "rotation": 90, "texture": "#0"},
				"west": {"uv": [9, 6, 6, 9], "texture": "#0"},
				"up": {"uv": [0, 6, 3, 12], "rotation": 90, "texture": "#0"},
				"down": {"uv": [0, 0, 3, 6], "rotation": 90, "texture": "#0"}
			}
		},
		{
			"from": [8.88671, 0.35, 3.1627],
			"to": [12.88671, 2.35, 5.1627],
			"rotation": {"angle": 0, "axis": "z", "origin": [7.23671, 6.35, 5.1627]},
			"faces": {
				"north": {"uv": [5, 9, 7, 13], "rotation": 270, "texture": "#0"},
				"east": {"uv": [11, 12, 9, 10], "rotation": 180, "texture": "#0"},
				"south": {"uv": [3, 9, 5, 13], "rotation": 90, "texture": "#0"},
				"west": {"uv": [13, 0, 11, 2], "texture": "#0"},
				"up": {"uv": [9, 4, 11, 8], "rotation": 90, "texture": "#0"},
				"down": {"uv": [9, 0, 11, 4], "rotation": 90, "texture": "#0"}
			}
		},
		{
			"from": [12.08671, 0.15, 2.9627],
			"to": [13.08671, 2.55, 5.3627],
			"rotation": {"angle": 0, "axis": "z", "origin": [7.23671, 6.35, 5.1627]},
			"faces": {
				"north": {"uv": [11, 5, 13, 6], "rotation": 270, "texture": "#0"},
				"east": {"uv": [9, 11, 7, 9], "rotation": 180, "texture": "#0"},
				"south": {"uv": [11, 3, 13, 4], "rotation": 90, "texture": "#0"},
				"west": {"uv": [11, 8, 9, 10], "texture": "#0"},
				"up": {"uv": [11, 4, 13, 5], "rotation": 90, "texture": "#0"},
				"down": {"uv": [11, 2, 13, 3], "rotation": 90, "texture": "#0"}
			}
		},
		{
			"from": [2.88671, -0.15, 10.6627],
			"to": [8.88671, 2.85, 13.6627],
			"rotation": {"angle": 0, "axis": "y", "origin": [7.23671, 6.35, 5.1627]},
			"faces": {
				"north": {"uv": [6, 0, 9, 6], "rotation": 270, "texture": "#2"},
				"east": {"uv": [6, 9, 3, 6], "rotation": 180, "texture": "#2"},
				"south": {"uv": [3, 0, 6, 6], "rotation": 90, "texture": "#2"},
				"west": {"uv": [9, 6, 6, 9], "texture": "#2"},
				"up": {"uv": [0, 6, 3, 12], "rotation": 90, "texture": "#2"},
				"down": {"uv": [0, 0, 3, 6], "rotation": 90, "texture": "#2"}
			}
		},
		{
			"from": [8.88671, 0.35, 11.1627],
			"to": [12.88671, 2.35, 13.1627],
			"rotation": {"angle": 0, "axis": "y", "origin": [7.23671, 6.35, 5.1627]},
			"faces": {
				"north": {"uv": [5, 9, 7, 13], "rotation": 270, "texture": "#2"},
				"east": {"uv": [11, 12, 9, 10], "rotation": 180, "texture": "#2"},
				"south": {"uv": [3, 9, 5, 13], "rotation": 90, "texture": "#2"},
				"west": {"uv": [13, 0, 11, 2], "texture": "#2"},
				"up": {"uv": [9, 4, 11, 8], "rotation": 90, "texture": "#2"},
				"down": {"uv": [9, 0, 11, 4], "rotation": 90, "texture": "#2"}
			}
		},
		{
			"from": [12.08671, 0.15, 10.9627],
			"to": [13.08671, 2.55, 13.3627],
			"rotation": {"angle": 0, "axis": "y", "origin": [7.23671, 6.35, 5.1627]},
			"faces": {
				"north": {"uv": [11, 5, 13, 6], "rotation": 270, "texture": "#2"},
				"east": {"uv": [9, 11, 7, 9], "rotation": 180, "texture": "#2"},
				"south": {"uv": [11, 3, 13, 4], "rotation": 90, "texture": "#2"},
				"west": {"uv": [11, 8, 9, 10], "texture": "#2"},
				"up": {"uv": [11, 4, 13, 5], "rotation": 90, "texture": "#2"},
				"down": {"uv": [11, 2, 13, 3], "rotation": 90, "texture": "#2"}
			}
		},
		{
			"from": [2.88671, -0.15, 6.6627],
			"to": [8.88671, 2.85, 9.6627],
			"rotation": {"angle": 0, "axis": "y", "origin": [7.23671, 6.35, 5.1627]},
			"faces": {
				"north": {"uv": [6, 0, 9, 6], "rotation": 270, "texture": "#1"},
				"east": {"uv": [6, 9, 3, 6], "rotation": 180, "texture": "#1"},
				"south": {"uv": [3, 0, 6, 6], "rotation": 90, "texture": "#1"},
				"west": {"uv": [9, 6, 6, 9], "texture": "#1"},
				"up": {"uv": [0, 6, 3, 12], "rotation": 90, "texture": "#1"},
				"down": {"uv": [0, 0, 3, 6], "rotation": 90, "texture": "#1"}
			}
		},
		{
			"from": [8.88671, 0.35, 7.1627],
			"to": [12.88671, 2.35, 9.1627],
			"rotation": {"angle": 0, "axis": "y", "origin": [7.23671, 6.35, 5.1627]},
			"faces": {
				"north": {"uv": [5, 9, 7, 13], "rotation": 270, "texture": "#1"},
				"east": {"uv": [11, 12, 9, 10], "rotation": 180, "texture": "#1"},
				"south": {"uv": [3, 9, 5, 13], "rotation": 90, "texture": "#1"},
				"west": {"uv": [13, 0, 11, 2], "texture": "#1"},
				"up": {"uv": [9, 4, 11, 8], "rotation": 90, "texture": "#1"},
				"down": {"uv": [9, 0, 11, 4], "rotation": 90, "texture": "#1"}
			}
		},
		{
			"from": [12.08671, 0.15, 6.9627],
			"to": [13.08671, 2.55, 9.3627],
			"rotation": {"angle": 0, "axis": "y", "origin": [7.23671, 6.35, 5.1627]},
			"faces": {
				"north": {"uv": [11, 5, 13, 6], "rotation": 270, "texture": "#1"},
				"east": {"uv": [9, 11, 7, 9], "rotation": 180, "texture": "#1"},
				"south": {"uv": [11, 3, 13, 4], "rotation": 90, "texture": "#1"},
				"west": {"uv": [11, 8, 9, 10], "texture": "#1"},
				"up": {"uv": [11, 4, 13, 5], "rotation": 90, "texture": "#1"},
				"down": {"uv": [11, 2, 13, 3], "rotation": 90, "texture": "#1"}
			}
		},
		{
			"from": [2.88671, 2.85, 4.6627],
			"to": [8.88671, 5.85, 7.6627],
			"rotation": {"angle": 0, "axis": "y", "origin": [7.23671, 6.35, 5.1627]},
			"faces": {
				"north": {"uv": [6, 0, 9, 6], "rotation": 270, "texture": "#2"},
				"east": {"uv": [6, 9, 3, 6], "rotation": 180, "texture": "#2"},
				"south": {"uv": [3, 0, 6, 6], "rotation": 90, "texture": "#2"},
				"west": {"uv": [9, 6, 6, 9], "texture": "#2"},
				"up": {"uv": [0, 6, 3, 12], "rotation": 90, "texture": "#2"},
				"down": {"uv": [0, 0, 3, 6], "rotation": 90, "texture": "#2"}
			}
		},
		{
			"from": [8.88671, 3.35, 5.1627],
			"to": [12.88671, 5.35, 7.1627],
			"rotation": {"angle": 0, "axis": "y", "origin": [7.23671, 6.35, 5.1627]},
			"faces": {
				"north": {"uv": [5, 9, 7, 13], "rotation": 270, "texture": "#2"},
				"east": {"uv": [11, 12, 9, 10], "rotation": 180, "texture": "#2"},
				"south": {"uv": [3, 9, 5, 13], "rotation": 90, "texture": "#2"},
				"west": {"uv": [13, 0, 11, 2], "texture": "#2"},
				"up": {"uv": [9, 4, 11, 8], "rotation": 90, "texture": "#2"},
				"down": {"uv": [9, 0, 11, 4], "rotation": 90, "texture": "#2"}
			}
		},
		{
			"from": [12.08671, 3.15, 4.9627],
			"to": [13.08671, 5.55, 7.3627],
			"rotation": {"angle": 0, "axis": "y", "origin": [7.23671, 6.35, 5.1627]},
			"faces": {
				"north": {"uv": [11, 5, 13, 6], "rotation": 270, "texture": "#2"},
				"east": {"uv": [9, 11, 7, 9], "rotation": 180, "texture": "#2"},
				"south": {"uv": [11, 3, 13, 4], "rotation": 90, "texture": "#2"},
				"west": {"uv": [11, 8, 9, 10], "texture": "#2"},
				"up": {"uv": [11, 4, 13, 5], "rotation": 90, "texture": "#2"},
				"down": {"uv": [11, 2, 13, 3], "rotation": 90, "texture": "#2"}
			}
		},
		{
			"from": [2.88671, 2.85, 8.6627],
			"to": [8.88671, 5.85, 11.6627],
			"rotation": {"angle": 0, "axis": "y", "origin": [7.23671, 6.35, 5.1627]},
			"faces": {
				"north": {"uv": [6, 0, 9, 6], "rotation": 270, "texture": "#0"},
				"east": {"uv": [6, 9, 3, 6], "rotation": 180, "texture": "#0"},
				"south": {"uv": [3, 0, 6, 6], "rotation": 90, "texture": "#0"},
				"west": {"uv": [9, 6, 6, 9], "texture": "#0"},
				"up": {"uv": [0, 6, 3, 12], "rotation": 90, "texture": "#0"},
				"down": {"uv": [0, 0, 3, 6], "rotation": 90, "texture": "#0"}
			}
		},
		{
			"from": [8.88671, 3.35, 9.1627],
			"to": [12.88671, 5.35, 11.1627],
			"rotation": {"angle": 0, "axis": "y", "origin": [7.23671, 6.35, 5.1627]},
			"faces": {
				"north": {"uv": [5, 9, 7, 13], "rotation": 270, "texture": "#0"},
				"east": {"uv": [11, 12, 9, 10], "rotation": 180, "texture": "#0"},
				"south": {"uv": [3, 9, 5, 13], "rotation": 90, "texture": "#0"},
				"west": {"uv": [13, 0, 11, 2], "texture": "#0"},
				"up": {"uv": [9, 4, 11, 8], "rotation": 90, "texture": "#0"},
				"down": {"uv": [9, 0, 11, 4], "rotation": 90, "texture": "#0"}
			}
		},
		{
			"from": [12.08671, 3.15, 8.9627],
			"to": [13.08671, 5.55, 11.3627],
			"rotation": {"angle": 0, "axis": "y", "origin": [7.23671, 6.35, 5.1627]},
			"faces": {
				"north": {"uv": [11, 5, 13, 6], "rotation": 270, "texture": "#0"},
				"east": {"uv": [9, 11, 7, 9], "rotation": 180, "texture": "#0"},
				"south": {"uv": [11, 3, 13, 4], "rotation": 90, "texture": "#0"},
				"west": {"uv": [11, 8, 9, 10], "texture": "#0"},
				"up": {"uv": [11, 4, 13, 5], "rotation": 90, "texture": "#0"},
				"down": {"uv": [11, 2, 13, 3], "rotation": 90, "texture": "#0"}
			}
		},
		{
			"from": [2.88671, 5.85, 6.6627],
			"to": [8.88671, 8.85, 9.6627],
			"rotation": {"angle": 0, "axis": "y", "origin": [7.23671, 6.35, 5.1627]},
			"faces": {
				"north": {"uv": [6, 0, 9, 6], "rotation": 270, "texture": "#1"},
				"east": {"uv": [6, 9, 3, 6], "rotation": 180, "texture": "#1"},
				"south": {"uv": [3, 0, 6, 6], "rotation": 90, "texture": "#1"},
				"west": {"uv": [9, 6, 6, 9], "texture": "#1"},
				"up": {"uv": [0, 6, 3, 12], "rotation": 90, "texture": "#1"},
				"down": {"uv": [0, 0, 3, 6], "rotation": 90, "texture": "#1"}
			}
		},
		{
			"from": [8.88671, 6.35, 7.1627],
			"to": [12.88671, 8.35, 9.1627],
			"rotation": {"angle": 0, "axis": "y", "origin": [7.23671, 6.35, 5.1627]},
			"faces": {
				"north": {"uv": [5, 9, 7, 13], "rotation": 270, "texture": "#1"},
				"east": {"uv": [11, 12, 9, 10], "rotation": 180, "texture": "#1"},
				"south": {"uv": [3, 9, 5, 13], "rotation": 90, "texture": "#1"},
				"west": {"uv": [13, 0, 11, 2], "texture": "#1"},
				"up": {"uv": [9, 4, 11, 8], "rotation": 90, "texture": "#1"},
				"down": {"uv": [9, 0, 11, 4], "rotation": 90, "texture": "#1"}
			}
		},
		{
			"from": [12.08671, 6.15, 6.9627],
			"to": [13.08671, 8.55, 9.3627],
			"rotation": {"angle": 0, "axis": "y", "origin": [7.23671, 6.35, 5.1627]},
			"faces": {
				"north": {"uv": [11, 5, 13, 6], "rotation": 270, "texture": "#1"},
				"east": {"uv": [9, 11, 7, 9], "rotation": 180, "texture": "#1"},
				"south": {"uv": [11, 3, 13, 4], "rotation": 90, "texture": "#1"},
				"west": {"uv": [11, 8, 9, 10], "texture": "#1"},
				"up": {"uv": [11, 4, 13, 5], "rotation": 90, "texture": "#1"},
				"down": {"uv": [11, 2, 13, 3], "rotation": 90, "texture": "#1"}
			}
		}
	],
	"display": {
		"thirdperson_righthand": {
			"translation": [0, 6.25, 0]
		},
		"head": {
			"translation": [0, 14.75, -0.75]
		}
	},
	"groups": [
		{
			"name": "group",
			"origin": [9, 6.35, 8],
			"color": 0,
			"nbt": "{}",
			"armAnimationEnabled": false,
			"children": [0, 1, 2]
		},
		{
			"name": "group",
			"origin": [9, 6.35, 8],
			"color": 0,
			"nbt": "{}",
			"armAnimationEnabled": false,
			"children": [3, 4, 5]
		},
		{
			"name": "group",
			"origin": [9, 6.35, 8],
			"color": 0,
			"nbt": "{}",
			"armAnimationEnabled": false,
			"children": [6, 7, 8]
		},
		{
			"name": "group",
			"origin": [9, 6.35, 8],
			"color": 0,
			"nbt": "{}",
			"armAnimationEnabled": false,
			"children": [9, 10, 11]
		},
		{
			"name": "group",
			"origin": [9, 6.35, 8],
			"color": 0,
			"nbt": "{}",
			"armAnimationEnabled": false,
			"children": [12, 13, 14]
		},
		{
			"name": "group",
			"origin": [9, 6.35, 8],
			"color": 0,
			"nbt": "{}",
			"armAnimationEnabled": false,
			"children": [15, 16, 17]
		}
	]
}