{
	"credit": "Made with Blockbench",
	"texture_size": [32, 32],
	"textures": {
		"0": "block/lightning_rod",
		"particle": "block/lightning_rod"
	},
	"elements": [
		{
			"from": [5, 0, 5],
			"to": [11, 15, 11],
			"faces": {
				"north": {"uv": [0, 0, 3, 7.5], "texture": "#0"},
				"east": {"uv": [3, 0, 6, 7.5], "texture": "#0"},
				"south": {"uv": [6, 0, 9, 7.5], "texture": "#0"},
				"west": {"uv": [0, 7.5, 3, 15], "texture": "#0"},
				"up": {"uv": [12, 3, 9, 0], "texture": "#0"},
				"down": {"uv": [12, 3, 9, 6], "texture": "#0"}
			}
		},
		{
			"from": [4.5, 13, 4.5],
			"to": [11.5, 16, 11.5],
			"faces": {
				"north": {"uv": [9, 6, 12.5, 7.5], "texture": "#0"},
				"east": {"uv": [10, 7.5, 13.5, 9], "texture": "#0"},
				"south": {"uv": [10, 9, 13.5, 10.5], "texture": "#0"},
				"west": {"uv": [10, 10.5, 13.5, 12], "texture": "#0"},
				"up": {"uv": [6.5, 11, 3, 7.5], "texture": "#0"},
				"down": {"uv": [10, 7.5, 6.5, 11], "texture": "#0"}
			}
		}
	],
	"display": {
		"thirdperson_righthand": {
			"translation": [0, 0, -2.5]
		},
		"thirdperson_lefthand": {
			"translation": [0, 0, -2.5]
		},
		"firstperson_righthand": {
			"translation": [0, -1.5, 0]
		},
		"firstperson_lefthand": {
			"translation": [0, -1.5, 0]
		},
		"ground": {
			"rotation": [19.57, -18.99, -88.17]
		},
		"gui": {
			"rotation": [0, 27, 52.75],
			"translation": [0.25, 0, 0],
			"scale": [0.8, 0.8, 0.8]
		},
		"head": {
			"translation": [0, 9.75, 0],
			"scale": [1.5, 1.5, 1.5]
		}
	}
}