{
	"credit": "Made with Blockbench",
	"texture_size": [64, 64],
	"textures": {
		"4": "block/orange_concrete",
		"particle": "block/smooth_stone_slab_side"
	},
	"elements": [
		{
			"from": [-0.5, 0, -0.5],
			"to": [16.5, 16, 16.5],
			"faces": {
				"north": {"uv": [5, 8.5, 9.25, 12.5], "texture": "#4"},
				"east": {"uv": [5, 8.5, 9.25, 12.5], "texture": "#4"},
				"south": {"uv": [5, 8.5, 9.25, 12.5], "texture": "#4"},
				"west": {"uv": [5, 8.5, 9.25, 12.5], "texture": "#4"},
				"up": {"uv": [9.25, 4.25, 5, 0], "texture": "#4"},
				"down": {"uv": [9.25, 4.25, 5, 8.5], "texture": "#4"}
			}
		}
	],
	"display": {
		"firstperson_righthand": {
			"scale": [0.52, 0.51, 0.5]
		},
		"firstperson_lefthand": {
			"scale": [0.52, 0.51, 0.5]
		},
		"gui": {
			"rotation": [29.25, 41.25, 0],
			"scale": [0.6, 0.6, 0.6]
		}
	}
}