{
	"credit": "Made with Blockbench",
	"texture_size": [64, 64],
	"textures": {
		"2": "block/orange_stained_glass",
		"particle": "block/smooth_stone_slab_side"
	},
	"elements": [
		{
			"from": [-0.5, 0, -0.5],
			"to": [16.5, 16, 16.5],
			"faces": {
				"north": {"uv": [5, 8.5, 9.25, 12.5], "texture": "#2"},
				"east": {"uv": [5, 8.5, 9.25, 12.5], "texture": "#2"},
				"south": {"uv": [5, 8.5, 9.25, 12.5], "texture": "#2"},
				"west": {"uv": [5, 8.5, 9.25, 12.5], "texture": "#2"},
				"up": {"uv": [9.25, 4.25, 5, 0], "texture": "#2"},
				"down": {"uv": [9.25, 4.25, 5, 8.5], "texture": "#2"}
			}
		},
		{
			"from": [-2, -4, -2],
			"to": [1, 0, 18],
			"faces": {
				"north": {"uv": [5, 12, 4.25, 13], "texture": "#2"},
				"east": {"uv": [5, 12, 0, 13], "texture": "#2"},
				"south": {"uv": [0, 12, 0.75, 13], "texture": "#2"},
				"west": {"uv": [0, 12, 5, 13], "texture": "#2"},
				"up": {"uv": [4.25, 5, 5, 10], "texture": "#2"},
				"down": {"uv": [0, 5, 0.75, 10], "texture": "#2"}
			}
		},
		{
			"from": [15, -4, -2],
			"to": [18, 0, 18],
			"faces": {
				"north": {"uv": [5, 12, 4.25, 13], "texture": "#2"},
				"east": {"uv": [0, 12, 5, 13], "texture": "#2"},
				"south": {"uv": [0, 12, 0.75, 13], "texture": "#2"},
				"west": {"uv": [5, 12, 0, 13], "texture": "#2"},
				"up": {"uv": [4.25, 5, 5, 10], "texture": "#2"},
				"down": {"uv": [0.75, 5, 0, 10], "texture": "#2"}
			}
		},
		{
			"from": [1, -4, -2],
			"to": [15, 0, 1],
			"faces": {
				"north": {"uv": [4.25, 12, 0.75, 13], "texture": "#2"},
				"east": {"uv": [0, 0, 0.75, 1], "texture": "#2"},
				"south": {"uv": [0.5, 12, 4, 13], "texture": "#2"},
				"west": {"uv": [0, 0, 0.75, 1], "texture": "#2"},
				"up": {"uv": [0.75, 5, 4.25, 5.75], "texture": "#2"},
				"down": {"uv": [0.75, 9.25, 4.25, 10], "texture": "#2"}
			}
		},
		{
			"from": [1, -4, 15],
			"to": [15, 0, 18],
			"faces": {
				"north": {"uv": [0.75, 12, 4.25, 13], "texture": "#2"},
				"east": {"uv": [0, 0, 0.75, 1], "texture": "#2"},
				"south": {"uv": [4.25, 12, 0.75, 13], "texture": "#2"},
				"west": {"uv": [0, 0, 0.75, 1], "texture": "#2"},
				"up": {"uv": [0.75, 5, 4.25, 5.75], "texture": "#2"},
				"down": {"uv": [0.75, 5, 4.25, 5.75], "texture": "#2"}
			}
		}
	],
	"display": {
		"firstperson_righthand": {
			"scale": [0.52, 0.51, 0.5]
		},
		"firstperson_lefthand": {
			"scale": [0.52, 0.51, 0.5]
		},
		"gui": {
			"rotation": [29.25, 41.25, 0],
			"scale": [0.6, 0.6, 0.6]
		}
	}
}