{
	"credit": "Made with Blockbench",
	"texture_size": [64, 64],
	"textures": {
		"7": "block/pink_stained_glass",
		"particle": "block/smooth_stone_slab_side"
	},
	"elements": [
		{
			"from": [0, 0, 0],
			"to": [16, 16, 16],
			"faces": {
				"north": {"uv": [0, 0, 4, 4], "texture": "#7"},
				"east": {"uv": [0, 4, 4, 8], "texture": "#7"},
				"south": {"uv": [4, 0, 8, 4], "texture": "#7"},
				"west": {"uv": [4, 4, 8, 8], "texture": "#7"},
				"up": {"uv": [4, 12, 0, 8], "texture": "#7"},
				"down": {"uv": [12, 0, 8, 4], "texture": "#7"}
			}
		},
		{
			"from": [-1, -1, -1],
			"to": [17, 17, 17],
			"faces": {
				"north": {"uv": [12, 0, 16, 4], "texture": "#7"},
				"east": {"uv": [12, 0, 16, 4], "texture": "#7"},
				"south": {"uv": [12, 0, 16, 4], "texture": "#7"},
				"west": {"uv": [12, 0, 16, 4], "texture": "#7"},
				"up": {"uv": [12, 0, 16, 4], "texture": "#7"},
				"down": {"uv": [12, 0, 16, 4], "texture": "#7"}
			}
		}
	],
	"display": {
		"firstperson_righthand": {
			"scale": [0.52, 0.51, 0.5]
		},
		"firstperson_lefthand": {
			"scale": [0.52, 0.51, 0.5]
		},
		"gui": {
			"rotation": [29.25, 41.25, 0],
			"scale": [0.6, 0.6, 0.6]
		}
	}
}