{
	"credit": "Made with Blockbench",
	"texture_size": [64, 64],
	"textures": {
		"1": "custom/fanstop"
	},
	"elements": [
		{
			"from": [1, 13, 1],
			"to": [15, 16, 15],
			"faces": {
				"north": {"uv": [5.25, 7, 8.75, 7.75], "texture": "#1"},
				"east": {"uv": [5.25, 7.75, 8.75, 8.5], "texture": "#1"},
				"south": {"uv": [5.25, 8.5, 8.75, 9.25], "texture": "#1"},
				"west": {"uv": [8.75, 0, 12.25, 0.75], "texture": "#1"},
				"up": {"uv": [8.75, 3.5, 5.25, 0], "texture": "#1"},
				"down": {"uv": [8.75, 3.5, 5.25, 7], "texture": "#1"}
			}
		},
		{
			"from": [5.5, -1, 5.5],
			"to": [10.5, 3, 10.5],
			"faces": {
				"north": {"uv": [8.75, 6.25, 10, 7.25], "texture": "#1"},
				"east": {"uv": [8.75, 7.25, 10, 8.25], "texture": "#1"},
				"south": {"uv": [8.75, 8.25, 10, 9.25], "texture": "#1"},
				"west": {"uv": [5.25, 9.25, 6.5, 10.25], "texture": "#1"},
				"up": {"uv": [10, 5, 8.75, 3.75], "texture": "#1"},
				"down": {"uv": [10, 5, 8.75, 6.25], "texture": "#1"}
			}
		},
		{
			"name": "fan",
			"from": [-8.5, 1, -8.5],
			"to": [24.5, 1, 24.5],
			"faces": {
				"north": {"uv": [0, 0, 5.25, 0], "texture": "#1"},
				"east": {"uv": [0, 0, 5.25, 0], "texture": "#1"},
				"south": {"uv": [0, 0, 5.25, 0], "texture": "#1"},
				"west": {"uv": [0, 0, 5.25, 0], "texture": "#1"},
				"up": {"uv": [5.25, 5.25, 0, 0], "texture": "#1"},
				"down": {"uv": [5.25, 0, 0, 5.25], "texture": "#1"}
			}
		},
		{
			"from": [5, 10, 5],
			"to": [11, 13, 11],
			"faces": {
				"north": {"uv": [6.5, 9.25, 8, 10], "texture": "#1"},
				"east": {"uv": [8, 9.25, 9.5, 10], "texture": "#1"},
				"south": {"uv": [9.5, 9.25, 11, 10], "texture": "#1"},
				"west": {"uv": [10, 3.75, 11.5, 4.5], "texture": "#1"},
				"up": {"uv": [10.25, 2.25, 8.75, 0.75], "texture": "#1"},
				"down": {"uv": [10.25, 2.25, 8.75, 3.75], "texture": "#1"}
			}
		},
		{
			"from": [7, 3, 7],
			"to": [9, 10, 9],
			"faces": {
				"north": {"uv": [10, 4.5, 10.5, 6.25], "texture": "#1"},
				"east": {"uv": [10, 6.25, 10.5, 8], "texture": "#1"},
				"south": {"uv": [6.5, 10, 7, 11.75], "texture": "#1"},
				"west": {"uv": [7, 10, 7.5, 11.75], "texture": "#1"},
				"up": {"uv": [8, 10.5, 7.5, 10], "texture": "#1"},
				"down": {"uv": [8.5, 10, 8, 10.5], "texture": "#1"}
			}
		},
		{
			"from": [6, -2, 6],
			"to": [10, -1, 10],
			"faces": {
				"north": {"uv": [13.25, 0, 14.25, 0.25], "texture": "#1"},
				"east": {"uv": [13.25, 0.25, 14.25, 0.5], "texture": "#1"},
				"south": {"uv": [13.25, 0, 14.25, 0.25], "texture": "#1"},
				"west": {"uv": [13.25, 0.25, 14.25, 0.5], "texture": "#1"},
				"up": {"uv": [12.25, 0, 13.25, 1], "texture": "#1"},
				"down": {"uv": [12.25, 0, 13.25, 1], "texture": "#1"}
			}
		},
		{
			"from": [10.25, -8, 6.5],
			"to": [10.25, -1, 9.5],
			"faces": {
				"north": {"uv": [0, 0, 0, 1.75], "texture": "#1"},
				"east": {"uv": [13, 1, 13.75, 2.75], "texture": "#1"},
				"south": {"uv": [12.25, 1, 12.25, 2.75], "texture": "#1"},
				"west": {"uv": [13.75, 1, 13, 2.75], "texture": "#1"},
				"up": {"uv": [0, 0, 0, 0.75], "texture": "#1"},
				"down": {"uv": [0, 0.25, 0, 1], "texture": "#1"}
			}
		}
	]
}