{
	"credit": "Made with Blockbench",
	"textures": {
		"0": "custom/wine3",
		"2": "custom/wine2",
		"4": "custom/wine1",
		"particle": "custom/wine3"
	},
	"elements": [
		{
			"from": [3.01582, 9.2, 2.66033],
			"to": [5.41582, 10.2, 5.06033],
			"rotation": {"angle": 45, "axis": "y", "origin": [4.21582, 6.35, 3.86033]},
			"faces": {
				"north": {"uv": [11, 2, 13, 3], "texture": "#4"},
				"east": {"uv": [11, 3, 13, 4], "texture": "#4"},
				"south": {"uv": [11, 4, 13, 5], "texture": "#4"},
				"west": {"uv": [11, 5, 13, 6], "texture": "#4"},
				"up": {"uv": [9, 11, 7, 9], "texture": "#4"},
				"down": {"uv": [11, 8, 9, 10], "texture": "#4"}
			}
		},
		{
			"from": [2.71582, 0, 2.36033],
			"to": [5.71582, 6, 5.36033],
			"rotation": {"angle": 45, "axis": "y", "origin": [4.21582, 6.35, 3.86033]},
			"faces": {
				"north": {"uv": [0, 0, 3, 6], "texture": "#4"},
				"east": {"uv": [3, 0, 6, 6], "texture": "#4"},
				"south": {"uv": [0, 6, 3, 12], "texture": "#4"},
				"west": {"uv": [6, 0, 9, 6], "texture": "#4"},
				"up": {"uv": [6, 9, 3, 6], "texture": "#4"},
				"down": {"uv": [9, 6, 6, 9], "texture": "#4"}
			}
		},
		{
			"from": [3.21582, 6, 2.86033],
			"to": [5.21582, 10, 4.86033],
			"rotation": {"angle": 45, "axis": "y", "origin": [4.21582, 6.35, 3.86033]},
			"faces": {
				"north": {"uv": [9, 0, 11, 4], "texture": "#4"},
				"east": {"uv": [3, 9, 5, 13], "texture": "#4"},
				"south": {"uv": [9, 4, 11, 8], "texture": "#4"},
				"west": {"uv": [5, 9, 7, 13], "texture": "#4"},
				"up": {"uv": [11, 12, 9, 10], "texture": "#4"},
				"down": {"uv": [13, 0, 11, 2], "texture": "#4"}
			}
		},
		{
			"from": [10, 6, 10],
			"to": [12, 10, 12],
			"rotation": {"angle": -22.5, "axis": "y", "origin": [11, 6.35, 11]},
			"faces": {
				"north": {"uv": [9, 0, 11, 4], "texture": "#2"},
				"east": {"uv": [3, 9, 5, 13], "texture": "#2"},
				"south": {"uv": [9, 4, 11, 8], "texture": "#2"},
				"west": {"uv": [5, 9, 7, 13], "texture": "#2"},
				"up": {"uv": [11, 12, 9, 10], "texture": "#2"},
				"down": {"uv": [13, 0, 11, 2], "texture": "#2"}
			}
		},
		{
			"from": [9.5, 0, 9.5],
			"to": [12.5, 6, 12.5],
			"rotation": {"angle": -22.5, "axis": "y", "origin": [11, 6.35, 11]},
			"faces": {
				"north": {"uv": [0, 0, 3, 6], "texture": "#2"},
				"east": {"uv": [3, 0, 6, 6], "texture": "#2"},
				"south": {"uv": [0, 6, 3, 12], "texture": "#2"},
				"west": {"uv": [6, 0, 9, 6], "texture": "#2"},
				"up": {"uv": [6, 9, 3, 6], "texture": "#2"},
				"down": {"uv": [9, 6, 6, 9], "texture": "#2"}
			}
		},
		{
			"from": [9.8, 9.2, 9.8],
			"to": [12.2, 10.2, 12.2],
			"rotation": {"angle": -22.5, "axis": "y", "origin": [11, 6.35, 11]},
			"faces": {
				"north": {"uv": [11, 2, 13, 3], "texture": "#2"},
				"east": {"uv": [11, 3, 13, 4], "texture": "#2"},
				"south": {"uv": [11, 4, 13, 5], "texture": "#2"},
				"west": {"uv": [11, 5, 13, 6], "texture": "#2"},
				"up": {"uv": [9, 11, 7, 9], "texture": "#2"},
				"down": {"uv": [11, 8, 9, 10], "texture": "#2"}
			}
		},
		{
			"from": [-0.74736, 0.1, 11.24276],
			"to": [1.65264, 1.1, 13.64276],
			"rotation": {"angle": -45, "axis": "y", "origin": [5.45264, 1.6, 13.44276]},
			"faces": {
				"north": {"uv": [11, 3, 13, 4], "texture": "#0"},
				"east": {"uv": [11, 4, 13, 5], "texture": "#0"},
				"south": {"uv": [11, 5, 13, 6], "texture": "#0"},
				"west": {"uv": [11, 2, 13, 3], "texture": "#0"},
				"up": {"uv": [9, 11, 7, 9], "rotation": 270, "texture": "#0"},
				"down": {"uv": [11, 8, 9, 10], "rotation": 90, "texture": "#0"}
			}
		},
		{
			"from": [6, 0.1, 2.15],
			"to": [9, 3.1, 8.15],
			"rotation": {"angle": -22.5, "axis": "y", "origin": [7.5, 6.35, 8.5]},
			"faces": {
				"north": {"uv": [9, 6, 6, 9], "rotation": 270, "texture": "#0"},
				"east": {"uv": [0, 6, 3, 12], "rotation": 270, "texture": "#0"},
				"south": {"uv": [6, 9, 3, 6], "rotation": 270, "texture": "#0"},
				"west": {"uv": [0, 0, 3, 6], "rotation": 90, "texture": "#0"},
				"up": {"uv": [3, 0, 6, 6], "rotation": 180, "texture": "#0"},
				"down": {"uv": [6, 0, 9, 6], "texture": "#0"}
			}
		},
		{
			"from": [6.5, 0.6, 8.15],
			"to": [8.5, 2.6, 12.15],
			"rotation": {"angle": -22.5, "axis": "y", "origin": [7.5, 6.35, 8.5]},
			"faces": {
				"north": {"uv": [13, 0, 11, 2], "rotation": 270, "texture": "#0"},
				"east": {"uv": [9, 4, 11, 8], "rotation": 270, "texture": "#0"},
				"south": {"uv": [11, 12, 9, 10], "rotation": 270, "texture": "#0"},
				"west": {"uv": [9, 0, 11, 4], "rotation": 90, "texture": "#0"},
				"up": {"uv": [3, 9, 5, 13], "rotation": 180, "texture": "#0"},
				"down": {"uv": [5, 9, 7, 13], "texture": "#0"}
			}
		},
		{
			"from": [3, 0.1, 10],
			"to": [8, 0.1, 16],
			"rotation": {"angle": -45, "axis": "y", "origin": [6.5, 0.1, 13]},
			"faces": {
				"north": {"uv": [0, 0, 5, 0], "texture": "#0"},
				"east": {"uv": [0, 0, 6, 0], "texture": "#0"},
				"south": {"uv": [0, 0, 5, 0], "texture": "#0"},
				"west": {"uv": [0, 0, 6, 0], "texture": "#0"},
				"up": {"uv": [11, 10, 16, 16], "texture": "#0"},
				"down": {"uv": [0, 0, 5, 6], "texture": "#0"}
			}
		}
	]
}