{
	"credit": "Made with Blockbench",
	"texture_size": [64, 64],
	"textures": {
		"0": "custom/computer",
		"particle": "custom/computer"
	},
	"elements": [
		{
			"from": [3.12526, 0, 4.40652],
			"to": [12.12526, 1, 11.40652],
			"rotation": {"angle": -22.5, "axis": "y", "origin": [6.62526, 5, 7.15652]},
			"faces": {
				"north": {"uv": [8.75, 3.25, 11, 3.5], "texture": "#0"},
				"east": {"uv": [9.25, 4, 11, 4.25], "texture": "#0"},
				"south": {"uv": [8.75, 3, 11, 3.25], "texture": "#0"},
				"west": {"uv": [9.25, 4.25, 11, 4.5], "texture": "#0"},
				"up": {"uv": [1.75, 6.75, 0, 4.5], "rotation": 90, "texture": "#0"},
				"down": {"uv": [6.5, 0, 4.75, 2.25], "rotation": 270, "texture": "#0"}
			}
		},
		{
			"from": [2.12526, 1.5, 2.90652],
			"to": [13.12526, 10.5, 5.90652],
			"rotation": {"angle": -22.5, "axis": "y", "origin": [6.62526, 5, 7.15652]},
			"faces": {
				"north": {"uv": [0, 2.25, 2.75, 4.5], "texture": "#0"},
				"east": {"uv": [0, 8.75, 0.75, 11], "texture": "#0"},
				"south": {"uv": [0, 0, 2.75, 2.25], "texture": "#0"},
				"west": {"uv": [8.75, 0, 9.5, 2.25], "texture": "#0"},
				"up": {"uv": [4.75, 10.25, 4, 7.5], "rotation": 90, "texture": "#0"},
				"down": {"uv": [9.25, 4, 8.5, 6.75], "rotation": 270, "texture": "#0"}
			}
		},
		{
			"from": [2.62526, 2, 3.90652],
			"to": [12.62526, 8, 11.90652],
			"rotation": {"angle": -22.5, "axis": "y", "origin": [6.62526, 5, 7.15652]},
			"faces": {
				"north": {"uv": [4.75, 3.75, 7.25, 5.25], "texture": "#0"},
				"east": {"uv": [6.5, 5.25, 8.5, 6.75], "texture": "#0"},
				"south": {"uv": [4.75, 2.25, 7.25, 3.75], "texture": "#0"},
				"west": {"uv": [6.5, 6.75, 8.5, 8.25], "texture": "#0"},
				"up": {"uv": [4.75, 2.5, 2.75, 0], "rotation": 90, "texture": "#0"},
				"down": {"uv": [4.75, 2.5, 2.75, 5], "rotation": 270, "texture": "#0"}
			}
		},
		{
			"from": [2.62526, 8, 3.90652],
			"to": [12.62526, 9, 9.90652],
			"rotation": {"angle": -22.5, "axis": "y", "origin": [6.62526, 5, 7.15652]},
			"faces": {
				"north": {"uv": [8.5, 7.75, 11, 8], "texture": "#0"},
				"east": {"uv": [9.25, 4.5, 10.75, 4.75], "texture": "#0"},
				"south": {"uv": [8.5, 7.5, 11, 7.75], "texture": "#0"},
				"west": {"uv": [9.25, 4.75, 10.75, 5], "texture": "#0"},
				"up": {"uv": [3.25, 7.5, 1.75, 5], "rotation": 90, "texture": "#0"},
				"down": {"uv": [4.75, 5, 3.25, 7.5], "rotation": 270, "texture": "#0"}
			}
		},
		{
			"from": [2.62526, 9, 3.90652],
			"to": [12.62526, 10, 7.90652],
			"rotation": {"angle": -22.5, "axis": "y", "origin": [6.62526, 5, 7.15652]},
			"faces": {
				"north": {"uv": [8.75, 2.25, 11.25, 2.5], "texture": "#0"},
				"east": {"uv": [9.25, 6, 10.25, 6.25], "texture": "#0"},
				"south": {"uv": [8.5, 8, 11, 8.25], "texture": "#0"},
				"west": {"uv": [9.25, 6.25, 10.25, 6.5], "texture": "#0"},
				"up": {"uv": [8.25, 10.75, 7.25, 8.25], "rotation": 90, "texture": "#0"},
				"down": {"uv": [9.25, 8.25, 8.25, 10.75], "rotation": 270, "texture": "#0"}
			}
		},
		{
			"from": [3.62526, 1, 4.90652],
			"to": [11.62526, 2, 10.90652],
			"rotation": {"angle": -22.5, "axis": "y", "origin": [6.62526, 5, 7.15652]},
			"faces": {
				"north": {"uv": [8.75, 3.75, 10.75, 4], "texture": "#0"},
				"east": {"uv": [9.25, 5, 10.75, 5.25], "texture": "#0"},
				"south": {"uv": [8.75, 3.5, 10.75, 3.75], "texture": "#0"},
				"west": {"uv": [9.25, 5.25, 10.75, 5.5], "texture": "#0"},
				"up": {"uv": [1.5, 8.75, 0, 6.75], "rotation": 90, "texture": "#0"},
				"down": {"uv": [8.75, 2, 7.25, 4], "rotation": 270, "texture": "#0"}
			}
		},
		{
			"from": [2.1148, 10.04494, 5.35229],
			"to": [13.1148, 19.04494, 8.35229],
			"rotation": {"angle": 22.5, "axis": "x", "origin": [7.6148, 15.353, 8.28534]},
			"faces": {
				"north": {"uv": [0, 2.25, 2.75, 4.5], "texture": "#0"},
				"east": {"uv": [0, 8.75, 0.75, 11], "texture": "#0"},
				"south": {"uv": [0, 0, 2.75, 2.25], "texture": "#0"},
				"west": {"uv": [8.75, 0, 9.5, 2.25], "texture": "#0"},
				"up": {"uv": [4.75, 10.25, 4, 7.5], "rotation": 90, "texture": "#0"},
				"down": {"uv": [9.25, 4, 8.5, 6.75], "rotation": 270, "texture": "#0"}
			}
		},
		{
			"from": [2.6148, 10.54494, 6.35229],
			"to": [12.6148, 16.54494, 14.35229],
			"rotation": {"angle": 22.5, "axis": "x", "origin": [7.6148, 15.353, 8.28534]},
			"faces": {
				"north": {"uv": [4.75, 3.75, 7.25, 5.25], "texture": "#0"},
				"east": {"uv": [6.5, 5.25, 8.5, 6.75], "texture": "#0"},
				"south": {"uv": [4.75, 2.25, 7.25, 3.75], "texture": "#0"},
				"west": {"uv": [6.5, 6.75, 8.5, 8.25], "texture": "#0"},
				"up": {"uv": [4.75, 2.5, 2.75, 0], "rotation": 90, "texture": "#0"},
				"down": {"uv": [4.75, 2.5, 2.75, 5], "rotation": 270, "texture": "#0"}
			}
		},
		{
			"from": [2.6148, 16.54494, 6.35229],
			"to": [12.6148, 17.54494, 12.35229],
			"rotation": {"angle": 22.5, "axis": "x", "origin": [7.6148, 15.353, 8.28534]},
			"faces": {
				"north": {"uv": [8.5, 7.75, 11, 8], "texture": "#0"},
				"east": {"uv": [9.25, 4.5, 10.75, 4.75], "texture": "#0"},
				"south": {"uv": [8.5, 7.5, 11, 7.75], "texture": "#0"},
				"west": {"uv": [9.25, 4.75, 10.75, 5], "texture": "#0"},
				"up": {"uv": [3.25, 7.5, 1.75, 5], "rotation": 90, "texture": "#0"},
				"down": {"uv": [4.75, 5, 3.25, 7.5], "rotation": 270, "texture": "#0"}
			}
		},
		{
			"from": [2.6148, 17.54494, 6.35229],
			"to": [12.6148, 18.54494, 10.35229],
			"rotation": {"angle": 22.5, "axis": "x", "origin": [7.6148, 15.353, 8.28534]},
			"faces": {
				"north": {"uv": [8.75, 2.25, 11.25, 2.5], "texture": "#0"},
				"east": {"uv": [9.25, 6, 10.25, 6.25], "texture": "#0"},
				"south": {"uv": [8.5, 8, 11, 8.25], "texture": "#0"},
				"west": {"uv": [9.25, 6.25, 10.25, 6.5], "texture": "#0"},
				"up": {"uv": [8.25, 10.75, 7.25, 8.25], "rotation": 90, "texture": "#0"},
				"down": {"uv": [9.25, 8.25, 8.25, 10.75], "rotation": 270, "texture": "#0"}
			}
		}
	],
	"groups": [
		{
			"name": "tv",
			"origin": [0, 0, 0],
			"color": 0,
			"nbt": "{}",
			"armAnimationEnabled": false,
			"children": [0, 1, 2, 3, 4, 5]
		},
		{
			"name": "tv",
			"origin": [0, 0, 0],
			"color": 0,
			"nbt": "{}",
			"armAnimationEnabled": false,
			"children": [6, 7, 8, 9]
		}
	]
}