{
	"credit": "Made with Blockbench",
	"texture_size": [64, 64],
	"textures": {
		"0": "custom/computer",
		"particle": "custom/computer"
	},
	"elements": [
		{
			"from": [4.07128, 0, 8.32682],
			"to": [13.07128, 1, 15.32682],
			"rotation": {"angle": 22.5, "axis": "y", "origin": [6.79862, 4.775, 6.98097]},
			"faces": {
				"north": {"uv": [8.75, 3.25, 11, 3.5], "texture": "#0"},
				"east": {"uv": [9.25, 4, 11, 4.25], "texture": "#0"},
				"south": {"uv": [8.75, 3, 11, 3.25], "texture": "#0"},
				"west": {"uv": [9.25, 4.25, 11, 4.5], "texture": "#0"},
				"up": {"uv": [1.75, 6.75, 0, 4.5], "rotation": 90, "texture": "#0"},
				"down": {"uv": [6.5, 0, 4.75, 2.25], "rotation": 270, "texture": "#0"}
			}
		},
		{
			"from": [3.07128, 1.5, 6.82682],
			"to": [14.07128, 10.5, 9.82682],
			"rotation": {"angle": 22.5, "axis": "y", "origin": [6.79862, 4.775, 6.98097]},
			"faces": {
				"north": {"uv": [0, 2.25, 2.75, 4.5], "texture": "#0"},
				"east": {"uv": [0, 8.75, 0.75, 11], "texture": "#0"},
				"south": {"uv": [0, 0, 2.75, 2.25], "texture": "#0"},
				"west": {"uv": [8.75, 0, 9.5, 2.25], "texture": "#0"},
				"up": {"uv": [4.75, 10.25, 4, 7.5], "rotation": 90, "texture": "#0"},
				"down": {"uv": [9.25, 4, 8.5, 6.75], "rotation": 270, "texture": "#0"}
			}
		},
		{
			"from": [3.57128, 2, 7.82682],
			"to": [13.57128, 8, 15.82682],
			"rotation": {"angle": 22.5, "axis": "y", "origin": [6.79862, 4.775, 6.98097]},
			"faces": {
				"north": {"uv": [4.75, 3.75, 7.25, 5.25], "texture": "#0"},
				"east": {"uv": [6.5, 5.25, 8.5, 6.75], "texture": "#0"},
				"south": {"uv": [4.75, 2.25, 7.25, 3.75], "texture": "#0"},
				"west": {"uv": [6.5, 6.75, 8.5, 8.25], "texture": "#0"},
				"up": {"uv": [4.75, 2.5, 2.75, 0], "rotation": 90, "texture": "#0"},
				"down": {"uv": [4.75, 2.5, 2.75, 5], "rotation": 270, "texture": "#0"}
			}
		},
		{
			"from": [3.57128, 8, 7.82682],
			"to": [13.57128, 9, 13.82682],
			"rotation": {"angle": 22.5, "axis": "y", "origin": [6.79862, 4.775, 6.98097]},
			"faces": {
				"north": {"uv": [8.5, 7.75, 11, 8], "texture": "#0"},
				"east": {"uv": [9.25, 4.5, 10.75, 4.75], "texture": "#0"},
				"south": {"uv": [8.5, 7.5, 11, 7.75], "texture": "#0"},
				"west": {"uv": [9.25, 4.75, 10.75, 5], "texture": "#0"},
				"up": {"uv": [3.25, 7.5, 1.75, 5], "rotation": 90, "texture": "#0"},
				"down": {"uv": [4.75, 5, 3.25, 7.5], "rotation": 270, "texture": "#0"}
			}
		},
		{
			"from": [3.57128, 9, 7.82682],
			"to": [13.57128, 10, 11.82682],
			"rotation": {"angle": 22.5, "axis": "y", "origin": [6.79862, 4.775, 6.98097]},
			"faces": {
				"north": {"uv": [8.75, 2.25, 11.25, 2.5], "texture": "#0"},
				"east": {"uv": [9.25, 6, 10.25, 6.25], "texture": "#0"},
				"south": {"uv": [8.5, 8, 11, 8.25], "texture": "#0"},
				"west": {"uv": [9.25, 6.25, 10.25, 6.5], "texture": "#0"},
				"up": {"uv": [8.25, 10.75, 7.25, 8.25], "rotation": 90, "texture": "#0"},
				"down": {"uv": [9.25, 8.25, 8.25, 10.75], "rotation": 270, "texture": "#0"}
			}
		},
		{
			"from": [4.57128, 1, 8.82682],
			"to": [12.57128, 2, 14.82682],
			"rotation": {"angle": 22.5, "axis": "y", "origin": [6.79862, 4.775, 6.98097]},
			"faces": {
				"north": {"uv": [8.75, 3.75, 10.75, 4], "texture": "#0"},
				"east": {"uv": [9.25, 5, 10.75, 5.25], "texture": "#0"},
				"south": {"uv": [8.75, 3.5, 10.75, 3.75], "texture": "#0"},
				"west": {"uv": [9.25, 5.25, 10.75, 5.5], "texture": "#0"},
				"up": {"uv": [1.5, 8.75, 0, 6.75], "rotation": 90, "texture": "#0"},
				"down": {"uv": [8.75, 2, 7.25, 4], "rotation": 270, "texture": "#0"}
			}
		},
		{
			"from": [3.00112, 0, 0.12483],
			"to": [6.00112, 2, 4.12483],
			"rotation": {"angle": 22.5, "axis": "y", "origin": [6.79862, 4.775, 6.98097]},
			"faces": {
				"north": {"uv": [0.75, 9.25, 1.5, 9.75], "texture": "#0"},
				"east": {"uv": [1.75, 4.5, 2.75, 5], "texture": "#0"},
				"south": {"uv": [0.75, 8.75, 1.5, 9.25], "texture": "#0"},
				"west": {"uv": [7.25, 4.75, 8.25, 5.25], "texture": "#0"},
				"up": {"uv": [8.25, 4.75, 7.25, 4], "rotation": 90, "texture": "#0"},
				"down": {"uv": [9.5, 6.75, 8.5, 7.5], "rotation": 270, "texture": "#0"}
			}
		},
		{
			"from": [6.27959, 0, 0.68235],
			"to": [15.27959, 1, 5.68235],
			"rotation": {"angle": 0, "axis": "y", "origin": [6.79862, 4.775, 6.98097]},
			"faces": {
				"north": {"uv": [8.75, 2.75, 11, 3], "texture": "#0"},
				"east": {"uv": [9.25, 5.5, 10.5, 5.75], "texture": "#0"},
				"south": {"uv": [8.75, 2.5, 11, 2.75], "texture": "#0"},
				"west": {"uv": [9.25, 5.75, 10.5, 6], "texture": "#0"},
				"up": {"uv": [6, 9.5, 4.75, 7.25], "rotation": 90, "texture": "#0"},
				"down": {"uv": [2.75, 7.5, 1.5, 9.75], "rotation": 270, "texture": "#0"}
			}
		},
		{
			"from": [6.27959, 1.2, 0.68235],
			"to": [15.27959, 1.2, 5.68235],
			"rotation": {"angle": 0, "axis": "y", "origin": [6.79862, 4.775, 6.98097]},
			"faces": {
				"north": {"uv": [0, 0, 2.25, 0], "texture": "#0"},
				"east": {"uv": [0, 0, 1.25, 0], "texture": "#0"},
				"south": {"uv": [0, 0, 2.25, 0], "texture": "#0"},
				"west": {"uv": [0, 0, 1.25, 0], "texture": "#0"},
				"up": {"uv": [4, 9.75, 2.75, 7.5], "rotation": 90, "texture": "#0"},
				"down": {"uv": [7.25, 8.25, 6, 10.5], "rotation": 270, "texture": "#0"}
			}
		},
		{
			"from": [0.27959, 0.05, 0.48235],
			"to": [8.27959, 0.05, 7.48235],
			"rotation": {"angle": 0, "axis": "y", "origin": [6.79862, 4.775, 6.98097]},
			"faces": {
				"north": {"uv": [0, 0, 2, 0], "texture": "#0"},
				"east": {"uv": [0, 0, 1.75, 0], "texture": "#0"},
				"south": {"uv": [0, 0, 2, 0], "texture": "#0"},
				"west": {"uv": [0, 0, 1.75, 0], "texture": "#0"},
				"up": {"uv": [6.5, 7.25, 4.75, 5.25], "rotation": 90, "texture": "#0"},
				"down": {"uv": [8.25, 0, 6.5, 2], "rotation": 270, "texture": "#0"}
			}
		}
	],
	"groups": [
		{
			"name": "tv",
			"origin": [0, 0, 0],
			"color": 0,
			"nbt": "{}",
			"armAnimationEnabled": false,
			"children": [0, 1, 2, 3, 4, 5]
		},
		{
			"name": "group",
			"origin": [0, 0, 0],
			"color": 0,
			"nbt": "{}",
			"armAnimationEnabled": false,
			"children": [6, 7, 8, 9]
		}
	]
}