{
	"credit": "Made with Blockbench",
	"texture_size": [32, 32],
	"textures": {
		"0": "custom/wine3",
		"1": "custom/wine2",
		"particle": "custom/wine3"
	},
	"elements": [
		{
			"from": [2.5, 0, 7.5],
			"to": [5.5, 6, 10.5],
			"rotation": {"angle": 22.5, "axis": "y", "origin": [9, 6.35, 8]},
			"faces": {
				"north": {"uv": [6, 0, 9, 6], "texture": "#0"},
				"east": {"uv": [0, 0, 3, 6], "texture": "#0"},
				"south": {"uv": [3, 0, 6, 6], "texture": "#0"},
				"west": {"uv": [0, 6, 3, 12], "texture": "#0"},
				"up": {"uv": [6, 9, 3, 6], "rotation": 90, "texture": "#0"},
				"down": {"uv": [9, 6, 6, 9], "rotation": 270, "texture": "#0"}
			}
		},
		{
			"from": [3, 6, 8],
			"to": [5, 10, 10],
			"rotation": {"angle": 22.5, "axis": "y", "origin": [9, 6.35, 8]},
			"faces": {
				"north": {"uv": [5, 9, 7, 13], "texture": "#0"},
				"east": {"uv": [9, 0, 11, 4], "texture": "#0"},
				"south": {"uv": [3, 9, 5, 13], "texture": "#0"},
				"west": {"uv": [9, 4, 11, 8], "texture": "#0"},
				"up": {"uv": [11, 12, 9, 10], "rotation": 90, "texture": "#0"},
				"down": {"uv": [13, 0, 11, 2], "rotation": 270, "texture": "#0"}
			}
		},
		{
			"from": [2.8, 9.2, 7.8],
			"to": [5.2, 10.2, 10.2],
			"rotation": {"angle": 22.5, "axis": "y", "origin": [9, 6.35, 8]},
			"faces": {
				"north": {"uv": [11, 5, 13, 6], "texture": "#0"},
				"east": {"uv": [11, 2, 13, 3], "texture": "#0"},
				"south": {"uv": [11, 3, 13, 4], "texture": "#0"},
				"west": {"uv": [11, 4, 13, 5], "texture": "#0"},
				"up": {"uv": [9, 11, 7, 9], "rotation": 90, "texture": "#0"},
				"down": {"uv": [11, 8, 9, 10], "rotation": 270, "texture": "#0"}
			}
		},
		{
			"from": [5.73671, 0, 3.6627],
			"to": [8.73671, 6, 6.6627],
			"rotation": {"angle": 0, "axis": "y", "origin": [13.23671, 6.35, 5.1627]},
			"faces": {
				"north": {"uv": [6, 0, 9, 6], "texture": "#1"},
				"east": {"uv": [0, 0, 3, 6], "texture": "#1"},
				"south": {"uv": [3, 0, 6, 6], "texture": "#1"},
				"west": {"uv": [0, 6, 3, 12], "texture": "#1"},
				"up": {"uv": [6, 9, 3, 6], "rotation": 90, "texture": "#1"},
				"down": {"uv": [9, 6, 6, 9], "rotation": 270, "texture": "#1"}
			}
		},
		{
			"from": [6.23671, 6, 4.1627],
			"to": [8.23671, 10, 6.1627],
			"rotation": {"angle": 0, "axis": "y", "origin": [13.23671, 6.35, 5.1627]},
			"faces": {
				"north": {"uv": [5, 9, 7, 13], "texture": "#1"},
				"east": {"uv": [9, 0, 11, 4], "texture": "#1"},
				"south": {"uv": [3, 9, 5, 13], "texture": "#1"},
				"west": {"uv": [9, 4, 11, 8], "texture": "#1"},
				"up": {"uv": [11, 12, 9, 10], "rotation": 90, "texture": "#1"},
				"down": {"uv": [13, 0, 11, 2], "rotation": 270, "texture": "#1"}
			}
		},
		{
			"from": [6.03671, 9.2, 3.9627],
			"to": [8.43671, 10.2, 6.3627],
			"rotation": {"angle": 0, "axis": "y", "origin": [13.23671, 6.35, 5.1627]},
			"faces": {
				"north": {"uv": [11, 5, 13, 6], "texture": "#1"},
				"east": {"uv": [11, 2, 13, 3], "texture": "#1"},
				"south": {"uv": [11, 3, 13, 4], "texture": "#1"},
				"west": {"uv": [11, 4, 13, 5], "texture": "#1"},
				"up": {"uv": [9, 11, 7, 9], "rotation": 90, "texture": "#1"},
				"down": {"uv": [11, 8, 9, 10], "rotation": 270, "texture": "#1"}
			}
		}
	],
	"display": {
		"thirdperson_righthand": {
			"translation": [0, 6.25, 0]
		},
		"head": {
			"translation": [0, 14.75, -0.75]
		}
	},
	"groups": [
		{
			"name": "group",
			"origin": [9, 6.35, 8],
			"color": 0,
			"nbt": "{}",
			"armAnimationEnabled": false,
			"children": [0, 1, 2]
		},
		{
			"name": "group",
			"origin": [9, 6.35, 8],
			"color": 0,
			"nbt": "{}",
			"armAnimationEnabled": false,
			"children": [3, 4, 5]
		}
	]
}