{
	"credit": "Made with Blockbench",
	"textures": {
		"3": "custom/gfan",
		"particle": "block/red_concrete"
	},
	"elements": [
		{
			"from": [6, 1, -3],
			"to": [7, 1, 5],
			"rotation": {"angle": 0, "axis": "y", "origin": [8, 1, 7.875]},
			"faces": {
				"north": {"uv": [0, 0, 1, 0], "texture": "#3"},
				"east": {"uv": [0, 0, 8, 0], "texture": "#3"},
				"south": {"uv": [0, 0, 1, 0], "texture": "#3"},
				"west": {"uv": [0, 0, 8, 0], "texture": "#3"},
				"up": {"uv": [0, 0, 8, 1], "rotation": 90, "texture": "#3"},
				"down": {"uv": [0, 0, 8, 1], "rotation": 270, "texture": "#3"}
			}
		},
		{
			"from": [-4, 1, 7],
			"to": [6, 1, 9],
			"faces": {
				"north": {"uv": [0, 0, 10, 0], "texture": "#3"},
				"east": {"uv": [0, 0, 2, 0], "texture": "#3"},
				"south": {"uv": [0, 0, 10, 0], "texture": "#3"},
				"west": {"uv": [0, 0, 2, 0], "texture": "#3"},
				"up": {"uv": [10, 2, 0, 0], "texture": "#3"},
				"down": {"uv": [10, 2, 0, 0], "texture": "#3"}
			}
		},
		{
			"from": [-3, 1, 9],
			"to": [5, 1, 10],
			"faces": {
				"north": {"uv": [0, 0, 8, 0], "texture": "#3"},
				"east": {"uv": [0, 0, 1, 0], "texture": "#3"},
				"south": {"uv": [0, 0, 8, 0], "texture": "#3"},
				"west": {"uv": [0, 0, 1, 0], "texture": "#3"},
				"up": {"uv": [8, 1, 0, 0], "texture": "#3"},
				"down": {"uv": [8, 0, 0, 1], "texture": "#3"}
			}
		},
		{
			"from": [7, 1, 9.75],
			"to": [9, 1, 19.75],
			"rotation": {"angle": 0, "axis": "y", "origin": [1, 1, 8.75]},
			"faces": {
				"north": {"uv": [0, 0, 2, 0], "texture": "#3"},
				"east": {"uv": [0, 0, 10, 0], "texture": "#3"},
				"south": {"uv": [0, 0, 2, 0], "texture": "#3"},
				"west": {"uv": [0, 0, 10, 0], "texture": "#3"},
				"up": {"uv": [0, 0, 10, 2], "rotation": 270, "texture": "#3"},
				"down": {"uv": [0, 2, 10, 0], "rotation": 90, "texture": "#3"}
			}
		},
		{
			"from": [9, 1, 10.75],
			"to": [10, 1, 18.75],
			"rotation": {"angle": 0, "axis": "y", "origin": [1, 1, 8.75]},
			"faces": {
				"north": {"uv": [0, 0, 1, 0], "texture": "#3"},
				"east": {"uv": [0, 0, 8, 0], "texture": "#3"},
				"south": {"uv": [0, 0, 1, 0], "texture": "#3"},
				"west": {"uv": [0, 0, 8, 0], "texture": "#3"},
				"up": {"uv": [0, 0, 8, 1], "rotation": 270, "texture": "#3"},
				"down": {"uv": [0, 0, 8, 1], "rotation": 90, "texture": "#3"}
			}
		},
		{
			"from": [10, 1, 6.75],
			"to": [20, 1, 8.75],
			"rotation": {"angle": 0, "axis": "y", "origin": [8, 1, 7.875]},
			"faces": {
				"north": {"uv": [0, 0, 10, 0], "texture": "#3"},
				"east": {"uv": [0, 0, 2, 0], "texture": "#3"},
				"south": {"uv": [0, 0, 10, 0], "texture": "#3"},
				"west": {"uv": [0, 0, 2, 0], "texture": "#3"},
				"up": {"uv": [0, 0, 10, 2], "rotation": 180, "texture": "#3"},
				"down": {"uv": [0, 2, 10, 0], "rotation": 180, "texture": "#3"}
			}
		},
		{
			"from": [11, 1, 5.75],
			"to": [19, 1, 6.75],
			"rotation": {"angle": 0, "axis": "y", "origin": [8, 1, 7.875]},
			"faces": {
				"north": {"uv": [0, 0, 8, 0], "texture": "#3"},
				"east": {"uv": [0, 0, 1, 0], "texture": "#3"},
				"south": {"uv": [0, 0, 8, 0], "texture": "#3"},
				"west": {"uv": [0, 0, 1, 0], "texture": "#3"},
				"up": {"uv": [0, 0, 8, 1], "rotation": 180, "texture": "#3"},
				"down": {"uv": [0, 0, 8, 1], "rotation": 180, "texture": "#3"}
			}
		},
		{
			"from": [7, 1, -4],
			"to": [9, 1, 6],
			"rotation": {"angle": 0, "axis": "y", "origin": [8, 1, 7.875]},
			"faces": {
				"north": {"uv": [0, 0, 2, 0], "texture": "#3"},
				"east": {"uv": [0, 0, 10, 0], "texture": "#3"},
				"south": {"uv": [0, 0, 2, 0], "texture": "#3"},
				"west": {"uv": [0, 0, 10, 0], "texture": "#3"},
				"up": {"uv": [0, 0, 10, 2], "rotation": 90, "texture": "#3"},
				"down": {"uv": [0, 2, 10, 0], "rotation": 270, "texture": "#3"}
			}
		},
		{
			"from": [6, 0, 6],
			"to": [10, 2, 10],
			"faces": {
				"north": {"uv": [8, 5, 12, 7], "texture": "#3"},
				"east": {"uv": [8, 7, 12, 9], "texture": "#3"},
				"south": {"uv": [0, 9, 4, 11], "texture": "#3"},
				"west": {"uv": [4, 9, 8, 11], "texture": "#3"},
				"up": {"uv": [4, 8, 0, 4], "texture": "#3"},
				"down": {"uv": [8, 4, 4, 8], "texture": "#3"}
			}
		}
	],
	"display": {
		"thirdperson_righthand": {
			"rotation": [-23.77, 1.26, -92.94],
			"translation": [9.5, -2.25, 2.75]
		},
		"thirdperson_lefthand": {
			"rotation": [-23.77, 1.26, -92.94],
			"translation": [9.5, -2.25, 2.75]
		},
		"firstperson_righthand": {
			"translation": [0, 6.75, 0]
		},
		"firstperson_lefthand": {
			"translation": [0, 6.75, 0]
		},
		"ground": {
			"translation": [0, 7.25, 0]
		},
		"gui": {
			"rotation": [96.25, 0, 0]
		},
		"head": {
			"rotation": [0, 25.5, 0],
			"translation": [0, 18.5, 0],
			"scale": [1.5, 1.5, 1.5]
		},
		"fixed": {
			"rotation": [-90, -45, 0],
			"translation": [0, 0, -16.25],
			"scale": [2, 2, 2]
		}
	},
	"groups": [
		{
			"name": "group",
			"origin": [8, 1, 7.875],
			"color": 0,
			"nbt": "{}",
			"armAnimationEnabled": false,
			"children": [0, 1, 2, 3, 4, 5, 6, 7]
		},
		8
	]
}