{
	"credit": "Made with Blockbench",
	"texture_size": [64, 64],
	"textures": {
		"0": "custom/deskchair",
		"particle": "custom/deskchair"
	},
	"elements": [
		{
			"from": [7.5, 8, 12.5],
			"to": [8.5, 12, 13.5],
			"rotation": {"angle": 22.5, "axis": "x", "origin": [8, 12, 12]},
			"faces": {
				"north": {"uv": [6, 7.5, 6.25, 8.5], "texture": "#0"},
				"east": {"uv": [6.25, 7.5, 6.5, 8.5], "texture": "#0"},
				"south": {"uv": [6.5, 7.5, 6.75, 8.5], "texture": "#0"},
				"west": {"uv": [6.75, 7.5, 7, 8.5], "texture": "#0"},
				"up": {"uv": [2.75, 8.5, 2.5, 8.25], "texture": "#0"},
				"down": {"uv": [4.5, 8.25, 4.25, 8.5], "texture": "#0"}
			}
		},
		{
			"from": [4, 7, 4],
			"to": [12, 10, 12],
			"faces": {
				"north": {"uv": [0, 4.5, 2, 5.25], "texture": "#0"},
				"east": {"uv": [0, 5.25, 2, 6], "texture": "#0"},
				"south": {"uv": [4.25, 5.5, 6.25, 6.25], "texture": "#0"},
				"west": {"uv": [0, 6, 2, 6.75], "texture": "#0"},
				"up": {"uv": [4.25, 2, 2.25, 0], "texture": "#0"},
				"down": {"uv": [4.25, 2, 2.25, 4], "texture": "#0"}
			}
		},
		{
			"from": [3.5, 6.75, 3.5],
			"to": [12.5, 8.75, 12.5],
			"faces": {
				"north": {"uv": [6.25, 0, 8.5, 0.5], "texture": "#0"},
				"east": {"uv": [6.25, 0.5, 8.5, 1], "texture": "#0"},
				"south": {"uv": [6.25, 1, 8.5, 1.5], "texture": "#0"},
				"west": {"uv": [6.25, 1.5, 8.5, 2], "texture": "#0"},
				"up": {"uv": [2.25, 2.25, 0, 0], "texture": "#0"},
				"down": {"uv": [2.25, 2.25, 0, 4.5], "texture": "#0"}
			}
		},
		{
			"from": [4, 13.5, 11.5],
			"to": [12, 21.5, 14.5],
			"rotation": {"angle": 22.5, "axis": "x", "origin": [8, 13.5, 8]},
			"faces": {
				"north": {"uv": [2.25, 4, 4.25, 6], "texture": "#0"},
				"east": {"uv": [2, 6, 2.75, 8], "texture": "#0"},
				"south": {"uv": [4.25, 0, 6.25, 2], "texture": "#0"},
				"west": {"uv": [6, 2, 6.75, 4], "texture": "#0"},
				"up": {"uv": [8, 4.75, 6, 4], "texture": "#0"},
				"down": {"uv": [8, 4.75, 6, 5.5], "texture": "#0"}
			}
		},
		{
			"from": [4.5, 14, 10.75],
			"to": [11.5, 21, 11.75],
			"rotation": {"angle": 22.5, "axis": "x", "origin": [8, 13.5, 8]},
			"faces": {
				"north": {"uv": [4.25, 2, 6, 3.75], "texture": "#0"},
				"east": {"uv": [1, 6.75, 1.25, 8.5], "texture": "#0"},
				"south": {"uv": [4.25, 3.75, 6, 5.5], "texture": "#0"},
				"west": {"uv": [1.25, 6.75, 1.5, 8.5], "texture": "#0"},
				"up": {"uv": [8, 6.25, 6.25, 6], "texture": "#0"},
				"down": {"uv": [8.5, 2, 6.75, 2.25], "texture": "#0"}
			}
		},
		{
			"from": [7.5, 2, 8.5],
			"to": [8.5, 3, 12.5],
			"rotation": {"angle": 45, "axis": "y", "origin": [8, 3, 8]},
			"faces": {
				"north": {"uv": [8.25, 6, 8.5, 6.25], "texture": "#0"},
				"east": {"uv": [3.25, 7.75, 4.25, 8], "texture": "#0"},
				"south": {"uv": [8.25, 5.75, 8.5, 6], "texture": "#0"},
				"west": {"uv": [7.75, 3.25, 8.75, 3.5], "texture": "#0"},
				"up": {"uv": [8.75, 3.75, 7.75, 3.5], "rotation": 90, "texture": "#0"},
				"down": {"uv": [8.75, 3.75, 7.75, 4], "rotation": 270, "texture": "#0"}
			}
		},
		{
			"from": [7.5, 2, 3.5],
			"to": [8.5, 3, 7.5],
			"rotation": {"angle": 45, "axis": "y", "origin": [8, 3, 8]},
			"faces": {
				"north": {"uv": [4, 6, 4.25, 6.25], "texture": "#0"},
				"east": {"uv": [2.75, 6, 3.75, 6.25], "texture": "#0"},
				"south": {"uv": [3.75, 6, 4, 6.25], "texture": "#0"},
				"west": {"uv": [6.75, 3.75, 7.75, 4], "texture": "#0"},
				"up": {"uv": [4.25, 7.75, 3.25, 7.5], "rotation": 90, "texture": "#0"},
				"down": {"uv": [5.25, 7.5, 4.25, 7.75], "rotation": 270, "texture": "#0"}
			}
		},
		{
			"from": [4.17157, 0, 9.82843],
			"to": [6.17157, 2, 11.82843],
			"rotation": {"angle": 0, "axis": "y", "origin": [5.17157, 1, 10.82843]},
			"faces": {
				"north": {"uv": [5.25, 7, 5.75, 7.5], "texture": "#0"},
				"east": {"uv": [5.75, 7, 6.25, 7.5], "texture": "#0"},
				"south": {"uv": [6.25, 7, 6.75, 7.5], "texture": "#0"},
				"west": {"uv": [6.75, 7, 7.25, 7.5], "texture": "#0"},
				"up": {"uv": [2, 7.75, 1.5, 7.25], "texture": "#0"},
				"down": {"uv": [7.75, 2.25, 7.25, 2.75], "texture": "#0"}
			}
		},
		{
			"from": [9.82843, 0, 4.17157],
			"to": [11.82843, 2, 6.17157],
			"rotation": {"angle": 0, "axis": "y", "origin": [10.82843, 1, 5.17157]},
			"faces": {
				"north": {"uv": [5.25, 7, 5.75, 7.5], "texture": "#0"},
				"east": {"uv": [5.75, 7, 6.25, 7.5], "texture": "#0"},
				"south": {"uv": [6.25, 7, 6.75, 7.5], "texture": "#0"},
				"west": {"uv": [6.75, 7, 7.25, 7.5], "texture": "#0"},
				"up": {"uv": [2, 7.75, 1.5, 7.25], "texture": "#0"},
				"down": {"uv": [7.75, 2.25, 7.25, 2.75], "texture": "#0"}
			}
		},
		{
			"from": [9.82843, 0, 9.82843],
			"to": [11.82843, 2, 11.82843],
			"rotation": {"angle": 0, "axis": "y", "origin": [10.82843, 1, 10.82843]},
			"faces": {
				"north": {"uv": [5.25, 7, 5.75, 7.5], "texture": "#0"},
				"east": {"uv": [5.75, 7, 6.25, 7.5], "texture": "#0"},
				"south": {"uv": [6.25, 7, 6.75, 7.5], "texture": "#0"},
				"west": {"uv": [6.75, 7, 7.25, 7.5], "texture": "#0"},
				"up": {"uv": [2, 7.75, 1.5, 7.25], "texture": "#0"},
				"down": {"uv": [7.75, 2.25, 7.25, 2.75], "texture": "#0"}
			}
		},
		{
			"from": [4.17157, 0, 4.17157],
			"to": [6.17157, 2, 6.17157],
			"rotation": {"angle": 0, "axis": "y", "origin": [5.17157, 1, 5.17157]},
			"faces": {
				"north": {"uv": [5.25, 7, 5.75, 7.5], "texture": "#0"},
				"east": {"uv": [5.75, 7, 6.25, 7.5], "texture": "#0"},
				"south": {"uv": [6.25, 7, 6.75, 7.5], "texture": "#0"},
				"west": {"uv": [6.75, 7, 7.25, 7.5], "texture": "#0"},
				"up": {"uv": [2, 7.75, 1.5, 7.25], "texture": "#0"},
				"down": {"uv": [7.75, 2.25, 7.25, 2.75], "texture": "#0"}
			}
		},
		{
			"from": [3.5, 2, 7.5],
			"to": [12.5, 3, 8.5],
			"rotation": {"angle": 45, "axis": "y", "origin": [8, 3, 8]},
			"faces": {
				"north": {"uv": [5, 6.25, 7.25, 6.5], "texture": "#0"},
				"east": {"uv": [2, 5.5, 2.25, 5.75], "texture": "#0"},
				"south": {"uv": [2.75, 6.25, 5, 6.5], "texture": "#0"},
				"west": {"uv": [2, 5.75, 2.25, 6], "texture": "#0"},
				"up": {"uv": [3, 8.75, 2.75, 6.5], "rotation": 90, "texture": "#0"},
				"down": {"uv": [3.25, 6.5, 3, 8.75], "rotation": 270, "texture": "#0"}
			}
		},
		{
			"from": [7.5, 3, 7.5],
			"to": [8.5, 7, 8.5],
			"rotation": {"angle": 45, "axis": "y", "origin": [8, 3, 8]},
			"faces": {
				"north": {"uv": [5.75, 7.5, 6, 8.5], "texture": "#0"},
				"east": {"uv": [2, 4.5, 2.25, 5.5], "texture": "#0"},
				"south": {"uv": [5.25, 7.5, 5.5, 8.5], "texture": "#0"},
				"west": {"uv": [5.5, 7.5, 5.75, 8.5], "texture": "#0"},
				"up": {"uv": [2.75, 8.25, 2.5, 8], "rotation": 90, "texture": "#0"},
				"down": {"uv": [8.25, 6, 8, 6.25], "rotation": 270, "texture": "#0"}
			}
		},
		{
			"from": [2.5, 10.88478, 6.07926],
			"to": [4.5, 12.88478, 10.07926],
			"rotation": {"angle": 0, "axis": "x", "origin": [3.5, 12.38478, 8.07926]},
			"faces": {
				"north": {"uv": [8, 4.5, 8.5, 5], "texture": "#0"},
				"east": {"uv": [5.25, 6.5, 6.25, 7], "texture": "#0"},
				"south": {"uv": [8, 5, 8.5, 5.5], "texture": "#0"},
				"west": {"uv": [6.25, 6.5, 7.25, 7], "texture": "#0"},
				"up": {"uv": [0.5, 7.75, 0, 6.75], "texture": "#0"},
				"down": {"uv": [1, 6.75, 0.5, 7.75], "texture": "#0"}
			}
		},
		{
			"from": [11.25, 10.88478, 6.07926],
			"to": [13.25, 12.88478, 10.07926],
			"rotation": {"angle": 0, "axis": "y", "origin": [3.5, 12.38478, 8.07926]},
			"faces": {
				"north": {"uv": [8, 4.5, 8.5, 5], "texture": "#0"},
				"east": {"uv": [5.25, 6.5, 6.25, 7], "texture": "#0"},
				"south": {"uv": [8, 5, 8.5, 5.5], "texture": "#0"},
				"west": {"uv": [6.25, 6.5, 7.25, 7], "texture": "#0"},
				"up": {"uv": [0.5, 7.75, 0, 6.75], "texture": "#0"},
				"down": {"uv": [1, 6.75, 0.5, 7.75], "texture": "#0"}
			}
		},
		{
			"from": [3, 6, 8.5],
			"to": [4, 10, 9.5],
			"rotation": {"angle": 22.5, "axis": "x", "origin": [8, 12, 12]},
			"faces": {
				"north": {"uv": [7, 7.5, 7.25, 8.5], "texture": "#0"},
				"east": {"uv": [0, 7.75, 0.25, 8.75], "texture": "#0"},
				"south": {"uv": [0.25, 7.75, 0.5, 8.75], "texture": "#0"},
				"west": {"uv": [0.5, 7.75, 0.75, 8.75], "texture": "#0"},
				"up": {"uv": [4.75, 8.5, 4.5, 8.25], "texture": "#0"},
				"down": {"uv": [5, 8.25, 4.75, 8.5], "texture": "#0"}
			}
		},
		{
			"from": [11.75, 6, 8.5],
			"to": [12.75, 10, 9.5],
			"rotation": {"angle": 22.5, "axis": "x", "origin": [8, 12, 12]},
			"faces": {
				"north": {"uv": [7, 7.5, 7.25, 8.5], "texture": "#0"},
				"east": {"uv": [0, 7.75, 0.25, 8.75], "texture": "#0"},
				"south": {"uv": [0.25, 7.75, 0.5, 8.75], "texture": "#0"},
				"west": {"uv": [0.5, 7.75, 0.75, 8.75], "texture": "#0"},
				"up": {"uv": [4.75, 8.5, 4.5, 8.25], "texture": "#0"},
				"down": {"uv": [5, 8.25, 4.75, 8.5], "texture": "#0"}
			}
		}
	],
	"display": {
		"gui": {
			"rotation": [-170, 25.25, 180],
			"translation": [0, -2.25, 0],
			"scale": [0.89063, 0.82422, 0.85352]
		},
		"fixed": {
			"rotation": [-90, 20.25, 0],
			"translation": [0, 1, -22],
			"scale": [2.7, 2.7, 2.7]
		}
	},
	"groups": [
		0,
		1,
		2,
		3,
		4,
		{
			"name": "group",
			"origin": [0, 0, 0],
			"color": 0,
			"nbt": "{}",
			"armAnimationEnabled": false,
			"children": [5, 6, 7, 8, 9, 10, 11, 12]
		},
		{
			"name": "group",
			"origin": [8, 12, 12],
			"color": 0,
			"nbt": "{}",
			"armAnimationEnabled": false,
			"children": [13, 14, 15, 16]
		}
	]
}