{
	"credit": "Made with Blockbench",
	"texture_size": [64, 64],
	"textures": {
		"0": "custom/check2"
	},
	"elements": [
		{
			"name": "Head",
			"from": [4, 23, 4],
			"to": [12, 31, 12],
			"rotation": {"angle": 22.5, "axis": "x", "origin": [8, 23, 8.125]},
			"faces": {
				"north": {"uv": [2, 2, 4, 4], "texture": "#0"},
				"east": {"uv": [0, 2, 2, 4], "texture": "#0"},
				"south": {"uv": [6, 2, 8, 4], "texture": "#0"},
				"west": {"uv": [4, 2, 6, 4], "texture": "#0"},
				"up": {"uv": [4, 2, 2, 0], "texture": "#0"},
				"down": {"uv": [6, 0, 4, 2], "texture": "#0"}
			}
		},
		{
			"name": "Hat Layer",
			"from": [3.5, 22.25, 3.5],
			"to": [12.5, 31.25, 12.5],
			"rotation": {"angle": 22.5, "axis": "x", "origin": [8, 23, 8.125]},
			"faces": {
				"north": {"uv": [10, 2, 12, 4], "texture": "#0"},
				"east": {"uv": [8, 2, 10, 4], "texture": "#0"},
				"south": {"uv": [14, 2, 16, 4], "texture": "#0"},
				"west": {"uv": [12, 2, 14, 4], "texture": "#0"},
				"up": {"uv": [12, 2, 10, 0], "texture": "#0"},
				"down": {"uv": [14, 0, 12, 2], "texture": "#0"}
			}
		},
		{
			"name": "Body",
			"from": [4, 11.25, 6],
			"to": [12, 23.25, 10],
			"rotation": {"angle": 22.5, "axis": "y", "origin": [8, 23, 8.125]},
			"faces": {
				"north": {"uv": [5, 5, 7, 8], "texture": "#0"},
				"east": {"uv": [4, 5, 5, 8], "texture": "#0"},
				"south": {"uv": [8, 5, 10, 8], "texture": "#0"},
				"west": {"uv": [7, 5, 8, 8], "texture": "#0"},
				"up": {"uv": [7, 5, 5, 4], "texture": "#0"},
				"down": {"uv": [9, 4, 7, 5], "texture": "#0"}
			}
		},
		{
			"name": "Body Layer",
			"from": [3.75, 11, 5.75],
			"to": [12.25, 23.5, 10.25],
			"rotation": {"angle": 22.5, "axis": "y", "origin": [8, 23, 8.125]},
			"faces": {
				"north": {"uv": [5, 9, 7, 12], "texture": "#0"},
				"east": {"uv": [4, 9, 5, 12], "texture": "#0"},
				"south": {"uv": [8, 9, 10, 12], "texture": "#0"},
				"west": {"uv": [7, 9, 8, 12], "texture": "#0"},
				"up": {"uv": [7, 9, 5, 8], "texture": "#0"},
				"down": {"uv": [9, 8, 7, 9], "texture": "#0"}
			}
		},
		{
			"name": "Right Arm",
			"from": [10.62917, 10, 4.13573],
			"to": [13.62917, 22, 8.13573],
			"rotation": {"angle": 22.5, "axis": "z", "origin": [13.12917, 22, 6.13573]},
			"faces": {
				"north": {"uv": [11, 5, 11.75, 8], "texture": "#0"},
				"east": {"uv": [10, 5, 11, 8], "texture": "#0"},
				"south": {"uv": [12.75, 5, 13.5, 8], "texture": "#0"},
				"west": {"uv": [11.75, 5, 12.75, 8], "texture": "#0"},
				"up": {"uv": [11.75, 5, 11, 4], "texture": "#0"},
				"down": {"uv": [12.5, 4, 11.75, 5], "texture": "#0"}
			}
		},
		{
			"name": "Right Arm Layer",
			"from": [10.37917, 9.75, 3.88573],
			"to": [13.87917, 22.25, 8.38573],
			"rotation": {"angle": 22.5, "axis": "z", "origin": [13.12917, 22, 6.13573]},
			"faces": {
				"north": {"uv": [11, 9, 11.75, 12], "texture": "#0"},
				"east": {"uv": [10, 9, 11, 12], "texture": "#0"},
				"south": {"uv": [12.75, 9, 13.5, 12], "texture": "#0"},
				"west": {"uv": [11.75, 9, 12.75, 12], "texture": "#0"},
				"up": {"uv": [11.75, 9, 11, 8], "texture": "#0"},
				"down": {"uv": [12.5, 8, 11.75, 9], "texture": "#0"}
			}
		},
		{
			"name": "Left Arm",
			"from": [2.4665, 10, 8.34524],
			"to": [5.4665, 22, 12.34524],
			"rotation": {"angle": -22.5, "axis": "z", "origin": [2.9665, 23, 10.34524]},
			"faces": {
				"north": {"uv": [9, 13, 9.75, 16], "texture": "#0"},
				"east": {"uv": [8, 13, 9, 16], "texture": "#0"},
				"south": {"uv": [10.75, 13, 11.5, 16], "texture": "#0"},
				"west": {"uv": [9.75, 13, 10.75, 16], "texture": "#0"},
				"up": {"uv": [9.75, 13, 9, 12], "texture": "#0"},
				"down": {"uv": [10.5, 12, 9.75, 13], "texture": "#0"}
			}
		},
		{
			"name": "Left Arm Layer",
			"from": [2.2165, 9.75, 8.09524],
			"to": [5.7165, 22.25, 12.59524],
			"rotation": {"angle": -22.5, "axis": "z", "origin": [2.9665, 23, 10.34524]},
			"faces": {
				"north": {"uv": [13, 13, 13.75, 16], "texture": "#0"},
				"east": {"uv": [12, 13, 13, 16], "texture": "#0"},
				"south": {"uv": [14.75, 13, 15.5, 16], "texture": "#0"},
				"west": {"uv": [13.75, 13, 14.75, 16], "texture": "#0"},
				"up": {"uv": [13.75, 13, 13, 12], "texture": "#0"},
				"down": {"uv": [14.5, 12, 13.75, 13], "texture": "#0"}
			}
		},
		{
			"name": "Right Leg",
			"from": [7.9, 9, -3],
			"to": [11.9, 13, 9],
			"rotation": {"angle": -22.5, "axis": "y", "origin": [9.9, 11, 8]},
			"faces": {
				"north": {"uv": [3, 4, 2, 5], "rotation": 180, "texture": "#0"},
				"east": {"uv": [0, 5, 1, 8], "rotation": 270, "texture": "#0"},
				"south": {"uv": [2, 5, 1, 4], "texture": "#0"},
				"west": {"uv": [2, 5, 3, 8], "rotation": 90, "texture": "#0"},
				"up": {"uv": [1, 5, 2, 8], "rotation": 180, "texture": "#0"},
				"down": {"uv": [3, 5, 4, 8], "texture": "#0"}
			}
		},
		{
			"name": "Right Leg Layer",
			"from": [7.65, 8.75, -4.25],
			"to": [12.15, 13.25, 8.25],
			"rotation": {"angle": -22.5, "axis": "y", "origin": [9.9, 12, 8]},
			"faces": {
				"north": {"uv": [3, 8, 2, 9], "rotation": 180, "texture": "#0"},
				"east": {"uv": [0, 9, 1, 12], "rotation": 270, "texture": "#0"},
				"south": {"uv": [2, 9, 1, 8], "texture": "#0"},
				"west": {"uv": [2, 9, 3, 12], "rotation": 90, "texture": "#0"},
				"up": {"uv": [1, 9, 2, 12], "rotation": 180, "texture": "#0"},
				"down": {"uv": [3, 9, 4, 12], "texture": "#0"}
			}
		},
		{
			"name": "Left Leg",
			"from": [4.1, 9, -3],
			"to": [8.1, 13, 9],
			"rotation": {"angle": 45, "axis": "y", "origin": [6.1, 11, 8]},
			"faces": {
				"north": {"uv": [7, 12, 6, 13], "rotation": 180, "texture": "#0"},
				"east": {"uv": [4, 13, 5, 16], "rotation": 270, "texture": "#0"},
				"south": {"uv": [6, 13, 5, 12], "texture": "#0"},
				"west": {"uv": [6, 13, 7, 16], "rotation": 90, "texture": "#0"},
				"up": {"uv": [5, 13, 6, 16], "rotation": 180, "texture": "#0"},
				"down": {"uv": [7, 13, 8, 16], "texture": "#0"}
			}
		},
		{
			"name": "Left Leg Layer",
			"from": [3.85, 8.75, -3.25],
			"to": [8.35, 13.25, 9.25],
			"rotation": {"angle": 45, "axis": "y", "origin": [6.1, 11, 8]},
			"faces": {
				"north": {"uv": [3, 12, 2, 13], "rotation": 180, "texture": "#0"},
				"east": {"uv": [0, 13, 1, 16], "rotation": 270, "texture": "#0"},
				"south": {"uv": [2, 13, 1, 12], "texture": "#0"},
				"west": {"uv": [2, 13, 3, 16], "rotation": 90, "texture": "#0"},
				"up": {"uv": [1, 13, 2, 16], "rotation": 180, "texture": "#0"},
				"down": {"uv": [3, 13, 4, 16], "texture": "#0"}
			}
		}
	],
	"display": {
		"gui": {
			"rotation": [-152.5, 23, -180],
			"translation": [0, -3, 0],
			"scale": [1, 0.54492, 1]
		},
		"fixed": {
			"rotation": [-93.25, 0, 0],
			"translation": [0, 5.75, 4],
			"scale": [2, 2, 2]
		}
	},
	"groups": [
		{
			"name": "Head",
			"origin": [0, 24, 0],
			"color": 0,
			"nbt": "{}",
			"armAnimationEnabled": false,
			"children": [0, 1]
		},
		{
			"name": "Body",
			"origin": [0, 24, 0],
			"color": 0,
			"nbt": "{}",
			"armAnimationEnabled": false,
			"children": [2, 3]
		},
		{
			"name": "RightArm",
			"origin": [5, 22, 0],
			"color": 0,
			"nbt": "{}",
			"armAnimationEnabled": false,
			"children": [4, 5]
		},
		{
			"name": "LeftArm",
			"origin": [-5, 22, 0],
			"color": 0,
			"nbt": "{}",
			"armAnimationEnabled": false,
			"children": [6, 7]
		},
		{
			"name": "RightLeg",
			"origin": [1.9, 12, 0],
			"color": 0,
			"nbt": "{}",
			"armAnimationEnabled": false,
			"children": [8, 9]
		},
		{
			"name": "LeftLeg",
			"origin": [-1.9, 12, 0],
			"color": 0,
			"nbt": "{}",
			"armAnimationEnabled": false,
			"children": [10, 11]
		}
	]
}