{
	"credit": "Made with Blockbench",
	"texture_size": [32, 32],
	"textures": {
		"0": "custom/bulboff",
		"particle": "custom/bulboff"
	},
	"elements": [
		{
			"from": [14.5, 14, 5],
			"to": [16.5, 19, 7],
			"rotation": {"angle": -22.5, "axis": "z", "origin": [15.5, 16.5, 6]},
			"faces": {
				"north": {"uv": [6, 10, 7, 12.5], "texture": "#0"},
				"east": {"uv": [7, 10, 8, 12.5], "texture": "#0"},
				"south": {"uv": [10.5, 0, 11.5, 2.5], "texture": "#0"},
				"west": {"uv": [1.5, 10.5, 2.5, 13], "texture": "#0"},
				"up": {"uv": [12.5, 12, 11.5, 11], "texture": "#0"},
				"down": {"uv": [13, 2.5, 12, 3.5], "texture": "#0"}
			}
		},
		{
			"from": [11.5, 14, 3.5],
			"to": [13.5, 19, 5.5],
			"rotation": {"angle": -22.5, "axis": "x", "origin": [12.5, 16.5, 4.5]},
			"faces": {
				"north": {"uv": [9.5, 0, 10.5, 2.5], "texture": "#0"},
				"east": {"uv": [9.5, 9, 10.5, 11.5], "texture": "#0"},
				"south": {"uv": [10, 4.5, 11, 7], "texture": "#0"},
				"west": {"uv": [5, 10, 6, 12.5], "texture": "#0"},
				"up": {"uv": [12.5, 10, 11.5, 9], "texture": "#0"},
				"down": {"uv": [12.5, 10, 11.5, 11], "texture": "#0"}
			}
		},
		{
			"from": [11.5, 14, 6.5],
			"to": [13.5, 19, 8.5],
			"rotation": {"angle": 22.5, "axis": "x", "origin": [12.5, 16.5, 7.5]},
			"faces": {
				"north": {"uv": [3, 9, 4, 11.5], "texture": "#0"},
				"east": {"uv": [4, 9, 5, 11.5], "texture": "#0"},
				"south": {"uv": [9, 4.5, 10, 7], "texture": "#0"},
				"west": {"uv": [8.5, 9, 9.5, 11.5], "texture": "#0"},
				"up": {"uv": [7.5, 5.5, 6.5, 4.5], "texture": "#0"},
				"down": {"uv": [12.5, 8, 11.5, 9], "texture": "#0"}
			}
		},
		{
			"from": [12, 5, 2],
			"to": [12, 10, 5],
			"rotation": {"angle": 45, "axis": "y", "origin": [12, 7.5, 4.5]},
			"faces": {
				"north": {"uv": [0, 0, 0, 2.5], "texture": "#0"},
				"east": {"uv": [7.5, 4.5, 9, 7], "texture": "#0"},
				"south": {"uv": [0, 0, 0, 2.5], "texture": "#0"},
				"west": {"uv": [5.5, 7.5, 7, 10], "texture": "#0"},
				"up": {"uv": [0, 1.5, 0, 0], "texture": "#0"},
				"down": {"uv": [0, 0, 0, 1.5], "texture": "#0"}
			}
		},
		{
			"from": [12, 5, 7],
			"to": [12, 10, 10],
			"rotation": {"angle": -45, "axis": "y", "origin": [12, 7.5, 7.5]},
			"faces": {
				"north": {"uv": [0, 0, 0, 2.5], "texture": "#0"},
				"east": {"uv": [7, 7.5, 8.5, 10], "texture": "#0"},
				"south": {"uv": [0, 0, 0, 2.5], "texture": "#0"},
				"west": {"uv": [8, 0, 9.5, 2.5], "texture": "#0"},
				"up": {"uv": [0, 1.5, 0, 0], "texture": "#0"},
				"down": {"uv": [0, 0, 0, 1.5], "texture": "#0"}
			}
		},
		{
			"from": [11, 5, 4.5],
			"to": [16, 16, 7.5],
			"faces": {
				"north": {"uv": [0, 0, 2.5, 5.5], "texture": "#0"},
				"east": {"uv": [5, 0, 6.5, 5.5], "texture": "#0"},
				"south": {"uv": [2.5, 0, 5, 5.5], "texture": "#0"},
				"west": {"uv": [0, 5.5, 1.5, 11], "texture": "#0"},
				"up": {"uv": [9, 4.5, 6.5, 3], "texture": "#0"},
				"down": {"uv": [5.5, 7.5, 3, 9], "texture": "#0"}
			}
		},
		{
			"from": [12.5, 4.5, 3.25],
			"to": [15.5, 8.5, 8.75],
			"faces": {
				"north": {"uv": [8.5, 7, 10, 9], "texture": "#0"},
				"east": {"uv": [1.5, 5.5, 4.5, 7.5], "texture": "#0"},
				"south": {"uv": [9, 2.5, 10.5, 4.5], "texture": "#0"},
				"west": {"uv": [4.5, 5.5, 7.5, 7.5], "texture": "#0"},
				"up": {"uv": [8, 3, 6.5, 0], "texture": "#0"},
				"down": {"uv": [3, 7.5, 1.5, 10.5], "texture": "#0"}
			}
		},
		{
			"from": [10.5, 10, 3.5],
			"to": [13.5, 11, 4.5],
			"faces": {
				"north": {"uv": [12.5, 4.5, 14, 5], "texture": "#0"},
				"east": {"uv": [8, 7, 8.5, 7.5], "texture": "#0"},
				"south": {"uv": [11, 12, 12.5, 12.5], "texture": "#0"},
				"west": {"uv": [8.5, 2.5, 9, 3], "texture": "#0"},
				"up": {"uv": [14.5, 0.5, 13, 0], "texture": "#0"},
				"down": {"uv": [14.5, 0.5, 13, 1], "texture": "#0"}
			}
		},
		{
			"from": [9.5, 10, 3.5],
			"to": [10.5, 11, 8.5],
			"faces": {
				"north": {"uv": [7.5, 7, 8, 7.5], "texture": "#0"},
				"east": {"uv": [11.5, 7.5, 14, 8], "texture": "#0"},
				"south": {"uv": [8, 2.5, 8.5, 3], "texture": "#0"},
				"west": {"uv": [8, 11.5, 10.5, 12], "texture": "#0"},
				"up": {"uv": [1.5, 13.5, 1, 11], "texture": "#0"},
				"down": {"uv": [5, 11.5, 4.5, 14], "texture": "#0"}
			}
		},
		{
			"from": [10.5, 10, 7.5],
			"to": [14.5, 11, 8.5],
			"faces": {
				"north": {"uv": [12.5, 1, 14.5, 1.5], "texture": "#0"},
				"east": {"uv": [5, 9, 5.5, 9.5], "texture": "#0"},
				"south": {"uv": [12.5, 1.5, 14.5, 2], "texture": "#0"},
				"west": {"uv": [5, 9.5, 5.5, 10], "texture": "#0"},
				"up": {"uv": [14.5, 2.5, 12.5, 2], "texture": "#0"},
				"down": {"uv": [7, 12.5, 5, 13], "texture": "#0"}
			}
		},
		{
			"from": [13.5, 9, 7.5],
			"to": [14.5, 10, 8.5],
			"faces": {
				"north": {"uv": [10, 7, 10.5, 7.5], "texture": "#0"},
				"east": {"uv": [10, 7.5, 10.5, 8], "texture": "#0"},
				"south": {"uv": [8, 10, 8.5, 10.5], "texture": "#0"},
				"west": {"uv": [10, 8, 10.5, 8.5], "texture": "#0"},
				"up": {"uv": [10.5, 9, 10, 8.5], "texture": "#0"},
				"down": {"uv": [3, 10.5, 2.5, 11], "texture": "#0"}
			}
		},
		{
			"from": [7, 12.5, 5],
			"to": [10, 14.5, 7],
			"faces": {
				"north": {"uv": [0, 15, 1.5, 16], "texture": "#0"},
				"east": {"uv": [3, 14, 4, 15], "texture": "#0"},
				"south": {"uv": [1.5, 14, 3, 15], "texture": "#0"},
				"west": {"uv": [3, 15, 4, 16], "texture": "#0"},
				"up": {"uv": [0, 14, 1.5, 15], "texture": "#0"},
				"down": {"uv": [1.5, 15, 3, 16], "texture": "#0"}
			}
		},
		{
			"from": [6.75, 12.25, 4.75],
			"to": [10, 14.75, 7.25],
			"faces": {
				"north": {"uv": [6.125, 14, 7.125, 15], "texture": "#0"},
				"east": {"uv": [9.625, 14, 10.625, 15], "texture": "#0"},
				"south": {"uv": [6.125, 14, 7.125, 15], "texture": "#0"},
				"west": {"uv": [6.125, 14, 7.125, 15], "texture": "#0"},
				"up": {"uv": [6.125, 14, 7.125, 15], "texture": "#0"},
				"down": {"uv": [6.125, 14, 7.125, 15], "texture": "#0"}
			}
		},
		{
			"from": [10, 12.25, 4.75],
			"to": [11, 14.75, 7.25],
			"faces": {
				"north": {"uv": [15, 2.625, 15.5, 4], "texture": "#0"},
				"east": {"uv": [14.5, 4.125, 16, 5.5], "texture": "#0"},
				"south": {"uv": [15, 2.625, 15.5, 4], "texture": "#0"},
				"west": {"uv": [14.5, 5.375, 16, 4], "texture": "#0"},
				"up": {"uv": [15.5, 2.5, 16, 4], "texture": "#0"},
				"down": {"uv": [15.5, 2.5, 16, 4], "texture": "#0"}
			}
		}
	],
	"display": {
		"thirdperson_righthand": {
			"rotation": [90, 90, -180],
			"translation": [2.5, 4.25, 3.25],
			"scale": [1.18, 1.18, 1.22]
		},
		"thirdperson_lefthand": {
			"rotation": [90, 90, -180],
			"translation": [2.5, -8.25, 3.25],
			"scale": [1.18, 1.18, 1.22]
		},
		"firstperson_righthand": {
			"rotation": [-174.49, 68, 120.09],
			"translation": [6.25, 2, 3.25]
		},
		"firstperson_lefthand": {
			"rotation": [-133, -104, -73],
			"translation": [2.75, 2.25, 3.25]
		},
		"gui": {
			"rotation": [-154.15, -19.78, 65.13],
			"translation": [0.25, 7.75, 0],
			"scale": [1.13789, 1.13789, 1.13789]
		}
	},
	"groups": [
		{
			"name": "dynamite",
			"origin": [12, 15, 3],
			"color": 0,
			"nbt": "{}",
			"armAnimationEnabled": false,
			"children": []
		},
		{
			"name": "shotgun",
			"origin": [0, 0, 0],
			"color": 0,
			"nbt": "{}",
			"armAnimationEnabled": false,
			"children": [0, 1, 2]
		},
		{
			"name": "open",
			"origin": [12, 7.5, 7.5],
			"color": 0,
			"nbt": "{}",
			"armAnimationEnabled": false,
			"children": [3, 4]
		},
		{
			"name": "cannon",
			"origin": [0, 0, 0],
			"color": 0,
			"nbt": "{}",
			"armAnimationEnabled": false,
			"children": [5, 6]
		},
		{
			"name": "wire",
			"origin": [0, 0, 0],
			"color": 0,
			"nbt": "{}",
			"armAnimationEnabled": false,
			"children": [7, 8, 9, 10]
		},
		11,
		12,
		13
	]
}