{
	"credit": "Made with Blockbench",
	"texture_size": [64, 64],
	"textures": {
		"0": "custom/davidsjacket",
		"particle": "custom/davidsjacket"
	},
	"elements": [
		{
			"from": [0.75, 13, 7.25],
			"to": [16.75, 17, 7.25],
			"rotation": {"angle": 0, "axis": "x", "origin": [8.75, 9.5, 8]},
			"faces": {
				"north": {"uv": [4, 0, 8, 1], "texture": "#0"},
				"east": {"uv": [0, 0, 0, 4.25], "texture": "#0"},
				"south": {"uv": [8, 0, 4, 1], "texture": "#0"},
				"west": {"uv": [0, 0, 0, 4.25], "texture": "#0"},
				"up": {"uv": [0, 4, 0, 0], "rotation": 90, "texture": "#0"},
				"down": {"uv": [0, 0, 0, 4], "rotation": 270, "texture": "#0"}
			}
		},
		{
			"from": [4.75, 2, 6.25],
			"to": [12.75, 13, 8.25],
			"rotation": {"angle": 0, "axis": "y", "origin": [8.75, 9.5, 8]},
			"faces": {
				"north": {"uv": [14, 0, 16, 2.75], "texture": "#0"},
				"east": {"uv": [14, 2.75, 14.5, 5.5], "texture": "#0"},
				"south": {"uv": [12, 0, 14, 2.75], "texture": "#0"},
				"west": {"uv": [14.5, 2.75, 15, 5.5], "texture": "#0"},
				"up": {"uv": [15, 2.75, 15.5, 4.75], "rotation": 90, "texture": "#0"},
				"down": {"uv": [15.5, 2.75, 16, 4.75], "rotation": 270, "texture": "#0"}
			}
		},
		{
			"from": [12.75, 5, 6.25],
			"to": [15.75, 13, 8.25],
			"rotation": {"angle": 0, "axis": "y", "origin": [8.75, 9.5, 8]},
			"faces": {
				"north": {"uv": [11.25, 0, 12, 2], "texture": "#0"},
				"east": {"uv": [10.25, 0, 10.75, 2], "texture": "#0"},
				"south": {"uv": [12, 0, 11.25, 2], "texture": "#0"},
				"west": {"uv": [9.5, 0, 10, 2], "texture": "#0"},
				"up": {"uv": [9, 0.75, 8.5, 0], "rotation": 90, "texture": "#0"},
				"down": {"uv": [9, 0, 9.5, 0.75], "rotation": 270, "texture": "#0"}
			}
		},
		{
			"from": [1.75, 5, 6.25],
			"to": [4.75, 13, 8.25],
			"rotation": {"angle": 0, "axis": "y", "origin": [8.75, 9.5, 8]},
			"faces": {
				"north": {"uv": [11.25, 0, 10.5, 2], "texture": "#0"},
				"east": {"uv": [9.5, 0, 10, 2], "texture": "#0"},
				"south": {"uv": [10.5, 0, 11.25, 2], "texture": "#0"},
				"west": {"uv": [10, 0, 10.5, 2], "texture": "#0"},
				"up": {"uv": [8.5, 0, 9, 0.75], "rotation": 90, "texture": "#0"},
				"down": {"uv": [9, 0, 9.5, 0.75], "rotation": 270, "texture": "#0"}
			}
		},
		{
			"from": [5.75, 8.96662, 8.31996],
			"to": [11.75, 12.96662, 11.31996],
			"rotation": {"angle": -22.5, "axis": "x", "origin": [7.75, 10.29379, 8.70107]},
			"faces": {
				"north": {"uv": [12.5, 3.75, 14, 4.75], "texture": "#0"},
				"east": {"uv": [13.25, 4.75, 14, 5.75], "texture": "#0"},
				"south": {"uv": [12.5, 2.75, 14, 3.75], "texture": "#0"},
				"west": {"uv": [12.5, 4.75, 13.25, 5.75], "texture": "#0"},
				"up": {"uv": [11.75, 4.25, 12.5, 5.75], "rotation": 90, "texture": "#0"},
				"down": {"uv": [11.75, 2.75, 12.5, 4.25], "rotation": 270, "texture": "#0"}
			}
		},
		{
			"from": [10.34099, -1, 3.93414],
			"to": [10.34099, 2, 6.93414],
			"rotation": {"angle": -45, "axis": "y", "origin": [8.75, 9.5, 8]},
			"faces": {
				"north": {"uv": [15.25, 8.25, 15.25, 9], "texture": "#0"},
				"east": {"uv": [15.25, 6.75, 16, 7.5], "texture": "#0"},
				"south": {"uv": [15.25, 9, 15.25, 9.75], "texture": "#0"},
				"west": {"uv": [15.25, 7.5, 16, 8.25], "texture": "#0"},
				"up": {"uv": [0, 0, 0.75, 0], "rotation": 90, "texture": "#0"},
				"down": {"uv": [0, 0, 0.75, 0], "rotation": 270, "texture": "#0"}
			}
		},
		{
			"from": [4.68414, -1, 9.58999],
			"to": [7.68414, 2, 9.58999],
			"rotation": {"angle": -45, "axis": "y", "origin": [8.75, 9.5, 8]},
			"faces": {
				"north": {"uv": [15.25, 8.25, 16, 9], "texture": "#0"},
				"east": {"uv": [15.25, 6.75, 15.25, 7.5], "texture": "#0"},
				"south": {"uv": [15.25, 9, 16, 9.75], "texture": "#0"},
				"west": {"uv": [15.25, 7.5, 15.25, 8.25], "texture": "#0"},
				"up": {"uv": [0, 0, 0.75, 0], "texture": "#0"},
				"down": {"uv": [0, 0, 0.75, 0], "texture": "#0"}
			}
		}
	],
	"display": {
		"gui": {
			"rotation": [-180, 35.5, -180],
			"translation": [0.75, 0.25, 0]
		},
		"fixed": {
			"rotation": [90, -7.5, 0],
			"translation": [-3.25, -1.25, -18.25],
			"scale": [2.2, 2.2, 2.2]
		}
	},
	"groups": [
		{
			"name": "group",
			"origin": [8.05995, 0.5, 10.93863],
			"color": 0,
			"nbt": "{}",
			"armAnimationEnabled": false,
			"children": [0, 1, 2, 3, 4, 5, 6]
		}
	]
}